/*******************************************************************************
 * Size: 40 px
 * Bpp: 4
 * Opts: --font /home/jjb/.fonts/StrongGlasgowRegular-ypAZ.ttf --size 40 --bpp 4 --format lvgl --range 0x20-0x7E --no-compress --lv-include lvgl.h -o glasgow_40.c
 ******************************************************************************/

#ifdef LV_LVGL_H_INCLUDE_SIMPLE
#include "lvgl.h"
#else
#include "lvgl.h"
#endif

#ifndef GLASGOW_40
#define GLASGOW_40 1
#endif

#if GLASGOW_40

/*-----------------
 *    BITMAPS
 *----------------*/

/*Store the image of the glyphs*/
static LV_ATTRIBUTE_LARGE_CONST const uint8_t glyph_bitmap[] = {
    /* U+0020 " " */

    /* U+0021 "!" */
    0x5f, 0xff, 0x55, 0xff, 0xf5, 0x5f, 0xff, 0x55,
    0xff, 0xf5, 0x5f, 0xff, 0x55, 0xff, 0xf5, 0x5f,
    0xff, 0x55, 0xff, 0xf5, 0x5f, 0xff, 0x55, 0xff,
    0xf5, 0x5f, 0xff, 0x55, 0xff, 0xf5, 0x5f, 0xff,
    0x55, 0xff, 0xf5, 0x5f, 0xff, 0x55, 0xff, 0xf5,
    0x5f, 0xff, 0x55, 0xff, 0xf5, 0x5f, 0xff, 0x55,
    0xff, 0xf5, 0x5f, 0xff, 0x55, 0xff, 0xf5, 0x13,
    0x33, 0x10, 0x0, 0x0, 0x0, 0x0, 0x0, 0x0,
    0x0, 0x9e, 0xee, 0x9b, 0xff, 0xfb, 0xbf, 0xff,
    0xbb, 0xff, 0xfb, 0xbf, 0xff, 0xb0,

    /* U+0022 "\"" */
    0x6c, 0xcc, 0xa0, 0x0, 0x1c, 0xcc, 0xc2, 0x8f,
    0xff, 0xd0, 0x0, 0x2f, 0xff, 0xf3, 0x8f, 0xff,
    0xd0, 0x0, 0x2f, 0xff, 0xf3, 0x8f, 0xff, 0xd0,
    0x0, 0x2f, 0xff, 0xf3, 0x8f, 0xff, 0xd0, 0x0,
    0x2f, 0xff, 0xf3, 0x8f, 0xff, 0xd0, 0x0, 0x2f,
    0xff, 0xf3, 0x8f, 0xff, 0xd0, 0x0, 0x2f, 0xff,
    0xf3, 0x8f, 0xff, 0xd0, 0x0, 0x2f, 0xff, 0xf3,
    0x8f, 0xff, 0xd0, 0x0, 0x2f, 0xff, 0xf3, 0x8f,
    0xff, 0xd0, 0x0, 0x2f, 0xff, 0xf3,

    /* U+0023 "#" */
    0x0, 0x0, 0x0, 0x0, 0x0, 0xef, 0xf9, 0x0,
    0x5, 0xff, 0xf1, 0x0, 0x0, 0x0, 0x0, 0x0,
    0x0, 0x2, 0xff, 0xf5, 0x0, 0x9, 0xff, 0xd0,
    0x0, 0x0, 0x0, 0x0, 0x0, 0x0, 0x6, 0xff,
    0xf1, 0x0, 0xd, 0xff, 0xa0, 0x0, 0x0, 0x0,
    0x0, 0x0, 0x0, 0xb, 0xff, 0xd0, 0x0, 0x2f,
    0xff, 0x60, 0x0, 0x0, 0x0, 0x0, 0x0, 0x0,
    0xf, 0xff, 0x90, 0x0, 0x6f, 0xff, 0x20, 0x0,
    0x0, 0x0, 0x4, 0x44, 0x44, 0x6f, 0xff, 0x94,
    0x44, 0xbf, 0xff, 0x44, 0x44, 0x41, 0x0, 0x5f,
    0xff, 0xff, 0xff, 0xff, 0xff, 0xff, 0xff, 0xff,
    0xff, 0xff, 0xf1, 0x0, 0x8f, 0xff, 0xff, 0xff,
    0xff, 0xff, 0xff, 0xff, 0xff, 0xff, 0xff, 0xd0,
    0x0, 0xcf, 0xff, 0xff, 0xff, 0xff, 0xff, 0xff,
    0xff, 0xff, 0xff, 0xff, 0x90, 0x0, 0x0, 0x0,
    0x3, 0xff, 0xf4, 0x0, 0xa, 0xff, 0xd0, 0x0,
    0x0, 0x0, 0x0, 0x0, 0x0, 0x7, 0xff, 0xf0,
    0x0, 0xe, 0xff, 0x80, 0x0, 0x0, 0x0, 0x2,
    0x44, 0x44, 0x4c, 0xff, 0xd4, 0x44, 0x5f, 0xff,
    0x84, 0x44, 0x43, 0x0, 0xc, 0xff, 0xff, 0xff,
    0xff, 0xff, 0xff, 0xff, 0xff, 0xff, 0xff, 0xf9,
    0x0, 0xf, 0xff, 0xff, 0xff, 0xff, 0xff, 0xff,
    0xff, 0xff, 0xff, 0xff, 0xf5, 0x0, 0x4f, 0xff,
    0xff, 0xff, 0xff, 0xff, 0xff, 0xff, 0xff, 0xff,
    0xff, 0xf1, 0x0, 0x0, 0x0, 0x0, 0xbf, 0xfc,
    0x0, 0x2, 0xff, 0xf5, 0x0, 0x0, 0x0, 0x0,
    0x0, 0x0, 0x0, 0xff, 0xf7, 0x0, 0x6, 0xff,
    0xf1, 0x0, 0x0, 0x0, 0x0, 0x0, 0x0, 0x3,
    0xff, 0xf3, 0x0, 0xa, 0xff, 0xc0, 0x0, 0x0,
    0x0, 0x0, 0x0, 0x0, 0x8, 0xff, 0xe0, 0x0,
    0xe, 0xff, 0x80, 0x0, 0x0, 0x0, 0x0, 0x0,
    0x0, 0xc, 0xff, 0x90, 0x0, 0x3f, 0xff, 0x40,
    0x0, 0x0, 0x0, 0x0, 0x0, 0x0, 0xf, 0xff,
    0x40, 0x0, 0x7f, 0xff, 0x0, 0x0, 0x0, 0x0,
    0x0, 0x0, 0x0, 0x4f, 0xff, 0x0, 0x0, 0xbf,
    0xfb, 0x0, 0x0, 0x0, 0x0, 0x0,

    /* U+0024 "$" */
    0x0, 0x0, 0x0, 0x1, 0x88, 0x20, 0x0, 0x0,
    0x0, 0x0, 0x0, 0x0, 0x3f, 0xf5, 0x0, 0x0,
    0x0, 0x0, 0x0, 0x0, 0x3, 0xff, 0x50, 0x0,
    0x0, 0x0, 0x0, 0x0, 0x0, 0x3f, 0xf5, 0x0,
    0x0, 0x0, 0x0, 0x0, 0x0, 0x3, 0xff, 0x50,
    0x0, 0x0, 0x0, 0x0, 0x0, 0x5, 0x9f, 0xf8,
    0x10, 0x0, 0x0, 0x0, 0x0, 0x8f, 0xff, 0xff,
    0xff, 0x50, 0x0, 0x0, 0x0, 0xbf, 0xff, 0xff,
    0xff, 0xf5, 0x0, 0x0, 0x0, 0x6f, 0xff, 0xff,
    0xff, 0xff, 0x20, 0x0, 0x0, 0xc, 0xff, 0xfd,
    0x7f, 0xf6, 0x50, 0x0, 0x0, 0x0, 0xef, 0xff,
    0x33, 0xff, 0x50, 0x0, 0x0, 0x0, 0xe, 0xff,
    0xf2, 0x3f, 0xf5, 0x0, 0x0, 0x0, 0x0, 0xcf,
    0xff, 0x73, 0xff, 0x50, 0x0, 0x0, 0x0, 0x7,
    0xff, 0xff, 0x6f, 0xf5, 0x0, 0x0, 0x0, 0x0,
    0xe, 0xff, 0xff, 0xff, 0x50, 0x0, 0x0, 0x0,
    0x0, 0x4f, 0xff, 0xff, 0xf5, 0x0, 0x0, 0x0,
    0x0, 0x0, 0x9f, 0xff, 0xff, 0x50, 0x0, 0x0,
    0x0, 0x0, 0x0, 0xbf, 0xff, 0xfd, 0x10, 0x0,
    0x0, 0x0, 0x0, 0x1, 0xcf, 0xff, 0xfc, 0x0,
    0x0, 0x0, 0x0, 0x0, 0x1, 0xcf, 0xff, 0xfa,
    0x0, 0x0, 0x0, 0x0, 0x0, 0x3, 0xff, 0xff,
    0xf7, 0x0, 0x0, 0x0, 0x0, 0x0, 0x3f, 0xff,
    0xff, 0xf3, 0x0, 0x0, 0x0, 0x0, 0x3, 0xff,
    0xff, 0xff, 0xc0, 0x0, 0x0, 0x0, 0x0, 0x3f,
    0xf7, 0xff, 0xff, 0x50, 0x0, 0x0, 0x0, 0x3,
    0xff, 0x58, 0xff, 0xfb, 0x0, 0x0, 0x0, 0x0,
    0x3f, 0xf5, 0x1f, 0xff, 0xf0, 0x0, 0x0, 0x0,
    0x3, 0xff, 0x50, 0xdf, 0xff, 0x30, 0x0, 0x0,
    0x0, 0x3f, 0xf5, 0xb, 0xff, 0xf5, 0x0, 0x0,
    0x0, 0x3, 0xff, 0x50, 0xaf, 0xff, 0x40, 0x0,
    0x0, 0x0, 0x3f, 0xf5, 0xc, 0xff, 0xf2, 0x0,
    0x0, 0x0, 0x3, 0xff, 0x53, 0xff, 0xfd, 0x0,
    0x0, 0x0, 0x0, 0x3f, 0xf5, 0xcf, 0xff, 0x60,
    0x1, 0xa4, 0x0, 0x3, 0xff, 0xef, 0xff, 0xd0,
    0x0, 0x9f, 0xff, 0xb9, 0xaf, 0xff, 0xff, 0xf3,
    0x0, 0x2f, 0xff, 0xff, 0xff, 0xff, 0xff, 0xf5,
    0x0, 0x5, 0xff, 0xff, 0xff, 0xff, 0xff, 0xe4,
    0x0, 0x0, 0x1, 0x6a, 0xde, 0xff, 0xff, 0x91,
    0x0, 0x0, 0x0, 0x0, 0x0, 0x0, 0x3f, 0xf5,
    0x0, 0x0, 0x0, 0x0, 0x0, 0x0, 0x3, 0xff,
    0x50, 0x0, 0x0, 0x0, 0x0, 0x0, 0x0, 0x3f,
    0xf5, 0x0, 0x0, 0x0, 0x0, 0x0, 0x0, 0x3,
    0xff, 0x50, 0x0, 0x0, 0x0,

    /* U+0025 "%" */
    0x0, 0x0, 0x18, 0xcf, 0xfd, 0x92, 0x0, 0x0,
    0x0, 0x0, 0x0, 0x0, 0x0, 0x0, 0x0, 0x0,
    0x0, 0x5, 0xff, 0xff, 0xff, 0xff, 0x80, 0x0,
    0x0, 0x0, 0x0, 0x0, 0x0, 0x0, 0x0, 0x0,
    0x0, 0x5f, 0xff, 0xfd, 0xce, 0xff, 0xfa, 0x0,
    0x0, 0x0, 0x0, 0x1e, 0xff, 0x20, 0x0, 0x0,
    0x1, 0xff, 0xfb, 0x20, 0x0, 0x6f, 0xff, 0x60,
    0x0, 0x0, 0x0, 0x9f, 0xf8, 0x0, 0x0, 0x0,
    0x8, 0xff, 0xb0, 0x0, 0x0, 0x5, 0xff, 0xe0,
    0x0, 0x0, 0x3, 0xff, 0xe0, 0x0, 0x0, 0x0,
    0xd, 0xff, 0x20, 0x0, 0x0, 0x0, 0xaf, 0xf4,
    0x0, 0x0, 0xd, 0xff, 0x40, 0x0, 0x0, 0x0,
    0xf, 0xfd, 0x0, 0x0, 0x0, 0x0, 0x5f, 0xf7,
    0x0, 0x0, 0x8f, 0xfa, 0x0, 0x0, 0x0, 0x0,
    0x2f, 0xfb, 0x0, 0x0, 0x0, 0x0, 0x4f, 0xf9,
    0x0, 0x2, 0xff, 0xe1, 0x0, 0x0, 0x0, 0x0,
    0x1f, 0xfe, 0x0, 0x0, 0x0, 0x0, 0x6f, 0xf8,
    0x0, 0xc, 0xff, 0x60, 0x0, 0x0, 0x0, 0x0,
    0xe, 0xff, 0x40, 0x0, 0x0, 0x0, 0xcf, 0xf5,
    0x0, 0x6f, 0xfc, 0x0, 0x0, 0x0, 0x0, 0x0,
    0x8, 0xff, 0xd1, 0x0, 0x0, 0x8, 0xff, 0xf0,
    0x1, 0xef, 0xf2, 0x0, 0x0, 0x0, 0x0, 0x0,
    0x1, 0xef, 0xff, 0x61, 0x3, 0xbf, 0xff, 0x80,
    0xa, 0xff, 0x80, 0x0, 0x0, 0x0, 0x0, 0x0,
    0x0, 0x4f, 0xff, 0xff, 0xff, 0xff, 0xfb, 0x0,
    0x4f, 0xfd, 0x0, 0x0, 0x0, 0x0, 0x0, 0x0,
    0x0, 0x3, 0xdf, 0xff, 0xff, 0xff, 0x90, 0x0,
    0xef, 0xf4, 0x0, 0x0, 0x0, 0x0, 0x0, 0x0,
    0x0, 0x0, 0x4, 0x8b, 0xba, 0x72, 0x0, 0x8,
    0xff, 0x90, 0x0, 0x0, 0x0, 0x0, 0x0, 0x0,
    0x0, 0x0, 0x0, 0x0, 0x0, 0x0, 0x0, 0x3f,
    0xfe, 0x10, 0x0, 0x0, 0x0, 0x0, 0x0, 0x0,
    0x0, 0x0, 0x0, 0x0, 0x0, 0x0, 0x0, 0xcf,
    0xf5, 0x0, 0x0, 0x0, 0x0, 0x0, 0x0, 0x0,
    0x0, 0x0, 0x0, 0x0, 0x0, 0x0, 0x7, 0xff,
    0xb0, 0x0, 0x18, 0xdf, 0xfd, 0x93, 0x0, 0x0,
    0x0, 0x0, 0x0, 0x0, 0x0, 0x0, 0x1f, 0xff,
    0x20, 0x6, 0xff, 0xff, 0xff, 0xff, 0x90, 0x0,
    0x0, 0x0, 0x0, 0x0, 0x0, 0x0, 0xbf, 0xf7,
    0x0, 0x6f, 0xff, 0xfd, 0xce, 0xff, 0xfb, 0x0,
    0x0, 0x0, 0x0, 0x0, 0x0, 0x5, 0xff, 0xc0,
    0x2, 0xff, 0xfb, 0x20, 0x0, 0x6f, 0xff, 0x80,
    0x0, 0x0, 0x0, 0x0, 0x0, 0x1e, 0xff, 0x30,
    0xa, 0xff, 0xa0, 0x0, 0x0, 0x3, 0xff, 0xf0,
    0x0, 0x0, 0x0, 0x0, 0x0, 0x9f, 0xf9, 0x0,
    0xe, 0xff, 0x10, 0x0, 0x0, 0x0, 0x9f, 0xf5,
    0x0, 0x0, 0x0, 0x0, 0x3, 0xff, 0xe0, 0x0,
    0x1f, 0xfc, 0x0, 0x0, 0x0, 0x0, 0x4f, 0xf8,
    0x0, 0x0, 0x0, 0x0, 0xd, 0xff, 0x40, 0x0,
    0x2f, 0xfc, 0x0, 0x0, 0x0, 0x0, 0x4f, 0xf9,
    0x0, 0x0, 0x0, 0x0, 0x8f, 0xfa, 0x0, 0x0,
    0xf, 0xff, 0x10, 0x0, 0x0, 0x0, 0x9f, 0xf7,
    0x0, 0x0, 0x0, 0x2, 0xff, 0xf1, 0x0, 0x0,
    0xb, 0xff, 0xa0, 0x0, 0x0, 0x3, 0xff, 0xf2,
    0x0, 0x0, 0x0, 0xc, 0xff, 0x60, 0x0, 0x0,
    0x4, 0xff, 0xfb, 0x20, 0x0, 0x6f, 0xff, 0xb0,
    0x0, 0x0, 0x0, 0x6f, 0xfc, 0x0, 0x0, 0x0,
    0x0, 0x9f, 0xff, 0xfd, 0xce, 0xff, 0xfe, 0x20,
    0x0, 0x0, 0x1, 0xef, 0xf2, 0x0, 0x0, 0x0,
    0x0, 0x7, 0xff, 0xff, 0xff, 0xff, 0xd2, 0x0,
    0x0, 0x0, 0x0, 0x11, 0x10, 0x0, 0x0, 0x0,
    0x0, 0x0, 0x28, 0xcf, 0xfe, 0xb6, 0x0, 0x0,

    /* U+0026 "&" */
    0x0, 0x0, 0x0, 0x1, 0x22, 0x22, 0x22, 0x22,
    0x21, 0x0, 0x0, 0x0, 0x0, 0x0, 0x0, 0x4f,
    0xff, 0xff, 0xff, 0xff, 0xf0, 0x0, 0x0, 0x0,
    0x0, 0x0, 0x0, 0x7f, 0xff, 0xff, 0xff, 0xff,
    0x0, 0x0, 0x0, 0x0, 0x0, 0x0, 0x0, 0xaf,
    0xff, 0xff, 0xff, 0xf0, 0x0, 0x0, 0x0, 0x0,
    0x0, 0x0, 0x0, 0xdf, 0xfc, 0x0, 0x0, 0x0,
    0x0, 0x0, 0x0, 0x0, 0x0, 0x28, 0xcf, 0xff,
    0xff, 0xff, 0xff, 0xff, 0xfb, 0x0, 0x0, 0x4,
    0xcf, 0xff, 0xff, 0xff, 0xff, 0xff, 0xff, 0xff,
    0xb0, 0x0, 0x9, 0xff, 0xff, 0xff, 0xff, 0xff,
    0xff, 0xff, 0xff, 0xfb, 0x0, 0xb, 0xff, 0xff,
    0x94, 0x10, 0x0, 0x8, 0xff, 0xe0, 0x0, 0x0,
    0x8, 0xff, 0xfc, 0x10, 0x0, 0x0, 0x0, 0x8f,
    0xfe, 0x0, 0x0, 0x2, 0xff, 0xfc, 0x0, 0x0,
    0x0, 0x0, 0x8, 0xff, 0xe0, 0x0, 0x0, 0x9f,
    0xff, 0x30, 0x0, 0x0, 0x0, 0x0, 0x8f, 0xfe,
    0x0, 0x0, 0xd, 0xff, 0xc0, 0x0, 0x0, 0x0,
    0x0, 0x8, 0xff, 0xe0, 0x0, 0x1, 0xff, 0xf8,
    0x0, 0x0, 0x0, 0x0, 0x0, 0x8f, 0xfe, 0x0,
    0x0, 0x2f, 0xff, 0x70, 0x0, 0x0, 0x0, 0x0,
    0x8, 0xff, 0xe0, 0x0, 0x3, 0xff, 0xf6, 0x0,
    0x0, 0x0, 0x0, 0x0, 0x8f, 0xfe, 0x0, 0x0,
    0x2f, 0xff, 0x80, 0x0, 0x0, 0x0, 0x0, 0x8,
    0xff, 0xe0, 0x0, 0x0, 0xff, 0xfb, 0x0, 0x0,
    0x0, 0x0, 0x0, 0x8f, 0xfe, 0x0, 0x0, 0xc,
    0xff, 0xf1, 0x0, 0x0, 0x0, 0x0, 0x8, 0xff,
    0xe0, 0x0, 0x0, 0x7f, 0xff, 0xa0, 0x0, 0x0,
    0x0, 0x0, 0x8f, 0xfe, 0x0, 0x0, 0x1, 0xef,
    0xff, 0x70, 0x0, 0x0, 0x0, 0x8, 0xff, 0xe0,
    0x0, 0x0, 0x6, 0xff, 0xff, 0x90, 0x0, 0x0,
    0x0, 0x8f, 0xfe, 0x0, 0x0, 0x0, 0xa, 0xff,
    0xff, 0xd5, 0x0, 0x0, 0x8, 0xff, 0xe0, 0x0,
    0x0, 0x0, 0xa, 0xff, 0xff, 0xfe, 0x84, 0x33,
    0xaf, 0xfe, 0x0, 0x0, 0x0, 0x0, 0x6, 0xef,
    0xff, 0xff, 0xff, 0xff, 0xff, 0xe0, 0x0, 0x0,
    0x0, 0x0, 0x1, 0x7d, 0xff, 0xff, 0xff, 0xff,
    0xfe, 0x0, 0x0, 0x0, 0x0, 0x0, 0x0, 0x2,
    0x6a, 0xce, 0xff, 0xff, 0xe0, 0x0, 0x0,

    /* U+0027 "'" */
    0x12, 0x18, 0xf9, 0x8f, 0x98, 0xf9, 0x8f, 0x98,
    0xf9, 0x8f, 0x98, 0xf9, 0x8f, 0x98, 0xf9,

    /* U+0028 "(" */
    0x0, 0x0, 0x0, 0x9f, 0x90, 0x0, 0x0, 0x2,
    0xff, 0x20, 0x0, 0x0, 0xb, 0xf9, 0x0, 0x0,
    0x0, 0x4f, 0xf2, 0x0, 0x0, 0x0, 0xcf, 0xb0,
    0x0, 0x0, 0x4, 0xff, 0x40, 0x0, 0x0, 0xc,
    0xfe, 0x0, 0x0, 0x0, 0x2f, 0xf9, 0x0, 0x0,
    0x0, 0x8f, 0xf4, 0x0, 0x0, 0x0, 0xef, 0xf0,
    0x0, 0x0, 0x3, 0xff, 0xc0, 0x0, 0x0, 0x8,
    0xff, 0x90, 0x0, 0x0, 0xb, 0xff, 0x60, 0x0,
    0x0, 0xe, 0xff, 0x40, 0x0, 0x0, 0x1f, 0xff,
    0x20, 0x0, 0x0, 0x3f, 0xff, 0x0, 0x0, 0x0,
    0x5f, 0xff, 0x0, 0x0, 0x0, 0x6f, 0xfe, 0x0,
    0x0, 0x0, 0x7f, 0xfe, 0x0, 0x0, 0x0, 0x7f,
    0xfe, 0x0, 0x0, 0x0, 0x7f, 0xfe, 0x0, 0x0,
    0x0, 0x6f, 0xfe, 0x0, 0x0, 0x0, 0x5f, 0xff,
    0x0, 0x0, 0x0, 0x3f, 0xff, 0x10, 0x0, 0x0,
    0x1f, 0xff, 0x20, 0x0, 0x0, 0xe, 0xff, 0x40,
    0x0, 0x0, 0xb, 0xff, 0x60, 0x0, 0x0, 0x7,
    0xff, 0x90, 0x0, 0x0, 0x2, 0xff, 0xd0, 0x0,
    0x0, 0x0, 0xdf, 0xf1, 0x0, 0x0, 0x0, 0x7f,
    0xf5, 0x0, 0x0, 0x0, 0x1f, 0xfa, 0x0, 0x0,
    0x0, 0x9, 0xff, 0x0, 0x0, 0x0, 0x2, 0xff,
    0x60, 0x0, 0x0, 0x0, 0xbf, 0xc0, 0x0, 0x0,
    0x0, 0x3f, 0xf3, 0x0, 0x0, 0x0, 0xa, 0xfb,
    0x0, 0x0, 0x0, 0x2, 0xff, 0x30, 0x0, 0x0,
    0x0, 0x8f, 0xc0,

    /* U+0029 ")" */
    0x1f, 0xf4, 0x0, 0x0, 0x0, 0x8, 0xfc, 0x0,
    0x0, 0x0, 0x0, 0xef, 0x50, 0x0, 0x0, 0x0,
    0x8f, 0xe0, 0x0, 0x0, 0x0, 0x1f, 0xf7, 0x0,
    0x0, 0x0, 0xa, 0xfe, 0x0, 0x0, 0x0, 0x4,
    0xff, 0x50, 0x0, 0x0, 0x0, 0xef, 0xb0, 0x0,
    0x0, 0x0, 0xaf, 0xf2, 0x0, 0x0, 0x0, 0x5f,
    0xf8, 0x0, 0x0, 0x0, 0x1f, 0xfd, 0x0, 0x0,
    0x0, 0xe, 0xff, 0x20, 0x0, 0x0, 0xb, 0xff,
    0x60, 0x0, 0x0, 0x9, 0xff, 0xa0, 0x0, 0x0,
    0x6, 0xff, 0xd0, 0x0, 0x0, 0x5, 0xff, 0xf0,
    0x0, 0x0, 0x4, 0xff, 0xf1, 0x0, 0x0, 0x3,
    0xff, 0xf2, 0x0, 0x0, 0x3, 0xff, 0xf2, 0x0,
    0x0, 0x2, 0xff, 0xf3, 0x0, 0x0, 0x3, 0xff,
    0xf2, 0x0, 0x0, 0x3, 0xff, 0xf1, 0x0, 0x0,
    0x4, 0xff, 0xf0, 0x0, 0x0, 0x5, 0xff, 0xe0,
    0x0, 0x0, 0x7, 0xff, 0xd0, 0x0, 0x0, 0x9,
    0xff, 0xa0, 0x0, 0x0, 0xb, 0xff, 0x70, 0x0,
    0x0, 0xe, 0xff, 0x30, 0x0, 0x0, 0x1f, 0xfe,
    0x0, 0x0, 0x0, 0x5f, 0xfa, 0x0, 0x0, 0x0,
    0x9f, 0xf4, 0x0, 0x0, 0x0, 0xef, 0xe0, 0x0,
    0x0, 0x3, 0xff, 0x70, 0x0, 0x0, 0x9, 0xff,
    0x0, 0x0, 0x0, 0xe, 0xf8, 0x0, 0x0, 0x0,
    0x6f, 0xe0, 0x0, 0x0, 0x0, 0xef, 0x70, 0x0,
    0x0, 0x6, 0xfd, 0x0, 0x0, 0x0, 0xd, 0xf4,
    0x0, 0x0, 0x0,

    /* U+002A "*" */
    0x0, 0x0, 0x4, 0xff, 0x80, 0x0, 0x0, 0x0,
    0x0, 0x4, 0xff, 0x80, 0x0, 0x0, 0x0, 0x0,
    0x4, 0xff, 0x80, 0x0, 0x0, 0x8, 0x82, 0x4,
    0xff, 0x80, 0x17, 0xb0, 0xf, 0xff, 0xb8, 0xff,
    0xba, 0xff, 0xf2, 0x3e, 0xff, 0xff, 0xff, 0xff,
    0xff, 0xf6, 0x0, 0x5b, 0xff, 0xff, 0xff, 0xd7,
    0x20, 0x0, 0x0, 0x8f, 0xff, 0xf9, 0x0, 0x0,
    0x0, 0x3, 0xff, 0xff, 0xff, 0x40, 0x0, 0x0,
    0x1e, 0xff, 0x77, 0xff, 0xe2, 0x0, 0x0, 0xbf,
    0xfa, 0x0, 0xaf, 0xfd, 0x0, 0x0, 0x3d, 0xe1,
    0x0, 0xd, 0xf6, 0x0, 0x0, 0x0, 0x20, 0x0,
    0x2, 0x30, 0x0,

    /* U+002B "+" */
    0x0, 0x0, 0x0, 0x1b, 0xbb, 0x40, 0x0, 0x0,
    0x0, 0x0, 0x0, 0x0, 0x2f, 0xff, 0x50, 0x0,
    0x0, 0x0, 0x0, 0x0, 0x0, 0x2f, 0xff, 0x50,
    0x0, 0x0, 0x0, 0x0, 0x0, 0x0, 0x2f, 0xff,
    0x50, 0x0, 0x0, 0x0, 0x0, 0x0, 0x0, 0x2f,
    0xff, 0x50, 0x0, 0x0, 0x0, 0x0, 0x0, 0x0,
    0x2f, 0xff, 0x50, 0x0, 0x0, 0x0, 0x0, 0x0,
    0x0, 0x2f, 0xff, 0x50, 0x0, 0x0, 0x0, 0x0,
    0x0, 0x0, 0x2f, 0xff, 0x50, 0x0, 0x0, 0x0,
    0x0, 0x0, 0x0, 0x2f, 0xff, 0x50, 0x0, 0x0,
    0x0, 0xcf, 0xff, 0xff, 0xff, 0xff, 0xff, 0xff,
    0xff, 0xf0, 0xcf, 0xff, 0xff, 0xff, 0xff, 0xff,
    0xff, 0xff, 0xf0, 0xcf, 0xff, 0xff, 0xff, 0xff,
    0xff, 0xff, 0xff, 0xf0, 0x68, 0x88, 0x88, 0x9f,
    0xff, 0xb8, 0x88, 0x88, 0x80, 0x0, 0x0, 0x0,
    0x2f, 0xff, 0x50, 0x0, 0x0, 0x0, 0x0, 0x0,
    0x0, 0x2f, 0xff, 0x50, 0x0, 0x0, 0x0, 0x0,
    0x0, 0x0, 0x2f, 0xff, 0x50, 0x0, 0x0, 0x0,
    0x0, 0x0, 0x0, 0x2f, 0xff, 0x50, 0x0, 0x0,
    0x0, 0x0, 0x0, 0x0, 0x2f, 0xff, 0x50, 0x0,
    0x0, 0x0, 0x0, 0x0, 0x0, 0x2f, 0xff, 0x50,
    0x0, 0x0, 0x0, 0x0, 0x0, 0x0, 0x2f, 0xff,
    0x50, 0x0, 0x0, 0x0, 0x0, 0x0, 0x0, 0x2f,
    0xff, 0x50, 0x0, 0x0, 0x0,

    /* U+002C "," */
    0x1, 0x11, 0x8, 0xff, 0xf1, 0x8f, 0xff, 0x18,
    0xff, 0xf1, 0x8f, 0xff, 0x10, 0x9, 0xf0, 0x0,
    0xbe, 0x0, 0xe, 0xb0, 0x9, 0xf5, 0x8, 0xfa,
    0x0, 0x66, 0x0, 0x0,

    /* U+002D "-" */
    0x36, 0x66, 0x66, 0x66, 0x66, 0x18, 0xff, 0xff,
    0xff, 0xff, 0xf3, 0x8f, 0xff, 0xff, 0xff, 0xff,
    0x38, 0xff, 0xff, 0xff, 0xff, 0xf3,

    /* U+002E "." */
    0x7e, 0xee, 0xb8, 0xff, 0xfd, 0x8f, 0xff, 0xd8,
    0xff, 0xfd, 0x8f, 0xff, 0xd0,

    /* U+002F "/" */
    0x0, 0x0, 0x0, 0x0, 0x1, 0x88, 0x10, 0x0,
    0x0, 0x0, 0x0, 0x7f, 0xf0, 0x0, 0x0, 0x0,
    0x0, 0xc, 0xfa, 0x0, 0x0, 0x0, 0x0, 0x1,
    0xff, 0x50, 0x0, 0x0, 0x0, 0x0, 0x6f, 0xf1,
    0x0, 0x0, 0x0, 0x0, 0xb, 0xfb, 0x0, 0x0,
    0x0, 0x0, 0x0, 0xff, 0x60, 0x0, 0x0, 0x0,
    0x0, 0x5f, 0xf1, 0x0, 0x0, 0x0, 0x0, 0xa,
    0xfc, 0x0, 0x0, 0x0, 0x0, 0x0, 0xef, 0x80,
    0x0, 0x0, 0x0, 0x0, 0x3f, 0xf3, 0x0, 0x0,
    0x0, 0x0, 0x8, 0xfe, 0x0, 0x0, 0x0, 0x0,
    0x0, 0xdf, 0x90, 0x0, 0x0, 0x0, 0x0, 0x2f,
    0xf4, 0x0, 0x0, 0x0, 0x0, 0x7, 0xff, 0x0,
    0x0, 0x0, 0x0, 0x0, 0xcf, 0xa0, 0x0, 0x0,
    0x0, 0x0, 0x1f, 0xf5, 0x0, 0x0, 0x0, 0x0,
    0x6, 0xff, 0x0, 0x0, 0x0, 0x0, 0x0, 0xbf,
    0xb0, 0x0, 0x0, 0x0, 0x0, 0xf, 0xf6, 0x0,
    0x0, 0x0, 0x0, 0x5, 0xff, 0x10, 0x0, 0x0,
    0x0, 0x0, 0xaf, 0xc0, 0x0, 0x0, 0x0, 0x0,
    0xe, 0xf7, 0x0, 0x0, 0x0, 0x0, 0x4, 0xff,
    0x20, 0x0, 0x0, 0x0, 0x0, 0x9f, 0xd0, 0x0,
    0x0, 0x0, 0x0, 0xd, 0xf9, 0x0, 0x0, 0x0,
    0x0, 0x2, 0xff, 0x40, 0x0, 0x0, 0x0, 0x0,
    0x7f, 0xe0, 0x0, 0x0, 0x0, 0x0, 0xc, 0xfa,
    0x0, 0x0, 0x0, 0x0, 0x1, 0xff, 0x50, 0x0,
    0x0, 0x0, 0x0, 0x6f, 0xf0, 0x0, 0x0, 0x0,
    0x0, 0xb, 0xfb, 0x0, 0x0, 0x0, 0x0, 0x0,

    /* U+0030 "0" */
    0x0, 0x0, 0x0, 0x0, 0x0, 0x0, 0x0, 0x0,
    0x0, 0x2, 0x22, 0x10, 0x0, 0x0, 0x0, 0x0,
    0x0, 0x0, 0x0, 0x0, 0x0, 0x0, 0x0, 0x0,
    0x0, 0x0, 0x0, 0x2, 0x7b, 0xef, 0xff, 0xff,
    0xfd, 0x95, 0x0, 0x0, 0x0, 0x0, 0x0, 0x0,
    0x0, 0x0, 0x0, 0x0, 0x0, 0x0, 0x0, 0x6c,
    0xff, 0xff, 0xff, 0xff, 0xff, 0xff, 0xff, 0x92,
    0x0, 0x0, 0x0, 0x0, 0x0, 0x0, 0x0, 0x0,
    0x0, 0x0, 0x4, 0xef, 0xff, 0xff, 0xff, 0xff,
    0xff, 0xff, 0xff, 0xff, 0xfa, 0x10, 0x0, 0x0,
    0x0, 0x0, 0x0, 0x0, 0x0, 0x0, 0x9, 0xff,
    0xff, 0xff, 0xff, 0xff, 0xff, 0xff, 0xff, 0xff,
    0xff, 0xfe, 0x50, 0x0, 0x0, 0x0, 0x0, 0x0,
    0x0, 0x0, 0x1d, 0xff, 0xff, 0xff, 0xff, 0xff,
    0xff, 0xff, 0xff, 0xff, 0xff, 0xff, 0xff, 0x80,
    0x0, 0x0, 0x0, 0x0, 0x0, 0x0, 0x2e, 0xff,
    0xff, 0xff, 0xff, 0xff, 0xff, 0xff, 0xff, 0xff,
    0xff, 0xff, 0xff, 0xff, 0x90, 0x0, 0x0, 0x0,
    0x0, 0x0, 0x1d, 0xff, 0xff, 0xff, 0xff, 0xff,
    0xff, 0xff, 0xff, 0xff, 0xff, 0xff, 0xff, 0xff,
    0xff, 0x80, 0x0, 0x0, 0x0, 0x0, 0xb, 0xff,
    0xff, 0xff, 0xff, 0xff, 0xff, 0xff, 0xff, 0xff,
    0xff, 0xff, 0xff, 0xff, 0xff, 0xff, 0x60, 0x0,
    0x0, 0x0, 0x7, 0xff, 0xff, 0xff, 0xff, 0xff,
    0xff, 0xff, 0xff, 0xff, 0xff, 0xff, 0xff, 0xff,
    0xff, 0xff, 0xff, 0x20, 0x0, 0x0, 0x2, 0xff,
    0xff, 0xff, 0xff, 0xff, 0xff, 0xff, 0xff, 0xff,
    0xff, 0xff, 0xff, 0xff, 0xff, 0xff, 0xff, 0xfb,
    0x0, 0x0, 0x0, 0xbf, 0xff, 0xff, 0xff, 0xff,
    0xff, 0xff, 0xff, 0xff, 0xff, 0xff, 0xff, 0xff,
    0xee, 0x98, 0x88, 0x8a, 0xf3, 0x0, 0x0, 0x3f,
    0xff, 0x30, 0x0, 0x0, 0xff, 0xfb, 0x0, 0x0,
    0x7, 0xff, 0x40, 0x0, 0x0, 0x0, 0x0, 0x0,
    0x8f, 0xb0, 0x0, 0x9, 0xff, 0xe0, 0x0, 0x0,
    0xf, 0xff, 0xb0, 0x0, 0x0, 0x7f, 0xf0, 0x0,
    0x0, 0x0, 0x0, 0x0, 0xc, 0xff, 0x20, 0x0,
    0xff, 0xfa, 0x0, 0x0, 0x0, 0xef, 0xfb, 0x0,
    0x0, 0x7, 0xfa, 0x0, 0x0, 0x0, 0x0, 0x0,
    0x1, 0xff, 0xf9, 0x0, 0x4f, 0xff, 0x60, 0x0,
    0x0, 0xe, 0xff, 0xb0, 0x0, 0x0, 0x7f, 0x50,
    0x0, 0x0, 0x0, 0x0, 0x0, 0x5f, 0xff, 0xd0,
    0x8, 0xff, 0xf2, 0x0, 0x0, 0x0, 0xff, 0xfb,
    0x0, 0x0, 0x7, 0xf1, 0x0, 0x0, 0x0, 0x0,
    0x0, 0x9, 0xff, 0xff, 0x0, 0xbf, 0xfe, 0x10,
    0x0, 0x0, 0xf, 0xff, 0xb0, 0x0, 0x0, 0x7d,
    0x10, 0x0, 0x0, 0x1, 0x11, 0x11, 0xef, 0xff,
    0xf3, 0xd, 0xff, 0xff, 0x30, 0x0, 0x0, 0x33,
    0x32, 0x0, 0x0, 0x7, 0xff, 0x30, 0x0, 0x0,
    0xff, 0xff, 0xff, 0xff, 0xff, 0x50, 0xef, 0xff,
    0xf3, 0x0, 0x0, 0x0, 0x0, 0x0, 0x0, 0x0,
    0x7f, 0xf3, 0x0, 0x0, 0x4, 0x44, 0x44, 0x7f,
    0xff, 0xf6, 0xf, 0xff, 0xff, 0x30, 0x0, 0x0,
    0x0, 0x0, 0x0, 0x0, 0x7, 0xff, 0x30, 0x0,
    0x0, 0x0, 0x0, 0x8, 0xff, 0xff, 0x70, 0xff,
    0xff, 0xf3, 0x0, 0x0, 0x0, 0x0, 0x0, 0x0,
    0x0, 0x7f, 0xf3, 0x0, 0x0, 0x0, 0x0, 0x0,
    0xcf, 0xff, 0xf7, 0xf, 0xff, 0xff, 0x30, 0x0,
    0x0, 0x0, 0x0, 0x0, 0x0, 0x7, 0xff, 0x30,
    0x0, 0x0, 0x0, 0x0, 0x1f, 0xff, 0xff, 0x60,
    0xdf, 0xff, 0xf3, 0x0, 0x0, 0x3, 0x33, 0x20,
    0x0, 0x0, 0x7f, 0xf3, 0x0, 0x0, 0x0, 0x0,
    0x6, 0xff, 0xff, 0xf4, 0xa, 0xff, 0xff, 0x30,
    0x0, 0x0, 0xff, 0xfb, 0x0, 0x0, 0x7, 0xff,
    0x30, 0x0, 0x0, 0xff, 0xff, 0xff, 0xff, 0xff,
    0x10, 0x7f, 0xff, 0xf3, 0x0, 0x0, 0xf, 0xff,
    0xb0, 0x0, 0x0, 0x7f, 0xf3, 0x0, 0x0, 0xf,
    0xff, 0xff, 0xff, 0xff, 0xd0, 0x2, 0xff, 0xff,
    0x30, 0x0, 0x0, 0xff, 0xfb, 0x0, 0x0, 0x7,
    0xff, 0x30, 0x0, 0x0, 0xff, 0xff, 0xff, 0xff,
    0xf8, 0x0, 0xd, 0xff, 0xf3, 0x0, 0x0, 0xf,
    0xff, 0xb0, 0x0, 0x0, 0x7f, 0xf3, 0x0, 0x0,
    0xf, 0xff, 0xff, 0xff, 0xff, 0x20, 0x0, 0x6f,
    0xff, 0x30, 0x0, 0x0, 0xff, 0xfb, 0x0, 0x0,
    0x7, 0xff, 0x30, 0x0, 0x0, 0xff, 0xff, 0xff,
    0xff, 0xc0, 0x0, 0x0, 0xef, 0xf3, 0x0, 0x0,
    0xf, 0xff, 0xb0, 0x0, 0x0, 0x7f, 0xf3, 0x0,
    0x0, 0xf, 0xff, 0xff, 0xff, 0xf3, 0x0, 0x0,
    0x6, 0xff, 0x97, 0x77, 0x77, 0xff, 0xfd, 0x77,
    0x77, 0x7b, 0xff, 0x97, 0x77, 0x77, 0xff, 0xff,
    0xff, 0xfb, 0x0, 0x0, 0x0, 0xc, 0xff, 0xff,
    0xff, 0xff, 0xff, 0xff, 0xff, 0xff, 0xff, 0xff,
    0xff, 0xff, 0xff, 0xff, 0xff, 0xff, 0x20, 0x0,
    0x0, 0x0, 0x2f, 0xff, 0xff, 0xff, 0xff, 0xff,
    0xff, 0xff, 0xff, 0xff, 0xff, 0xff, 0xff, 0xff,
    0xff, 0xff, 0x50, 0x0, 0x0, 0x0, 0x0, 0x4f,
    0xff, 0xff, 0xff, 0xff, 0xff, 0xff, 0xff, 0xff,
    0xff, 0xff, 0xff, 0xff, 0xff, 0xff, 0x90, 0x0,
    0x0, 0x0, 0x0, 0x0, 0x6f, 0xff, 0xff, 0xff,
    0xff, 0xff, 0xff, 0xff, 0xff, 0xff, 0xff, 0xff,
    0xff, 0xff, 0xa0, 0x0, 0x0, 0x0, 0x0, 0x0,
    0x0, 0x5f, 0xff, 0xff, 0xff, 0xff, 0xff, 0xff,
    0xff, 0xff, 0xff, 0xff, 0xff, 0xff, 0x80, 0x0,
    0x0, 0x0, 0x0, 0x0, 0x0, 0x0, 0x2d, 0xff,
    0xff, 0xff, 0xff, 0xff, 0xff, 0xff, 0xff, 0xff,
    0xff, 0xfe, 0x60, 0x0, 0x0, 0x0, 0x0, 0x0,
    0x0, 0x0, 0x0, 0x8, 0xff, 0xff, 0xff, 0xff,
    0xff, 0xff, 0xff, 0xff, 0xff, 0xfa, 0x10, 0x0,
    0x0, 0x0, 0x0, 0x0, 0x0, 0x0, 0x0, 0x0,
    0x1, 0x8f, 0xff, 0xff, 0xff, 0xff, 0xff, 0xff,
    0xff, 0xa3, 0x0, 0x0, 0x0, 0x0, 0x0, 0x0,
    0x0, 0x0, 0x0, 0x0, 0x0, 0x0, 0x5, 0xad,
    0xff, 0xff, 0xff, 0xfe, 0xb6, 0x10, 0x0, 0x0,
    0x0, 0x0, 0x0, 0x0, 0x0, 0x0, 0x0, 0x0,
    0x0, 0x0, 0x0, 0x0, 0x0, 0x23, 0x44, 0x31,
    0x0, 0x0, 0x0, 0x0, 0x0, 0x0, 0x0, 0x0,
    0x0, 0x0, 0x0, 0x0, 0x6, 0x66, 0x67, 0x33,
    0x24, 0x78, 0x68, 0x37, 0x64, 0x85, 0x86, 0x13,
    0x73, 0x56, 0x0, 0x0, 0x0, 0x0, 0x0, 0x0,
    0x0, 0xb9, 0xbb, 0xb6, 0x50, 0xe9, 0xf9, 0xe9,
    0xd7, 0xb7, 0xbc, 0xf2, 0xb5, 0xaf, 0xb0, 0x0,
    0x0, 0x0, 0x0, 0x0, 0x0, 0xa, 0x9, 0x99,
    0x99, 0x9, 0x3d, 0x8c, 0x6c, 0x86, 0xb7, 0x99,
    0x27, 0xc6, 0x99, 0x0, 0x0, 0x0, 0x0, 0x0,
    0x0, 0x0, 0x0, 0x0, 0x0, 0x0, 0x0, 0x0,
    0x0, 0x0, 0x0, 0x0, 0x0, 0x0, 0x0, 0x0,
    0x0, 0x0, 0x0, 0x0, 0xa, 0xba, 0xaa, 0xbb,
    0xb9, 0x57, 0xac, 0xbc, 0x8d, 0x9c, 0x7d, 0x7a,
    0xad, 0xac, 0x16, 0xd6, 0xd7, 0xbc, 0x10, 0x0,
    0x0, 0x9f, 0xcb, 0xfa, 0xdf, 0x85, 0xfa, 0xd6,
    0xea, 0xea, 0xbb, 0x4b, 0xfc, 0xb4, 0xd2, 0xb3,
    0xa4, 0xce, 0xe1, 0x0, 0x0, 0x5, 0xa8, 0x7a,
    0x69, 0xa6, 0x87, 0x89, 0x39, 0x4d, 0x93, 0x5b,
    0x48, 0xa9, 0x4c, 0x76, 0xd4, 0xb5, 0x89, 0x10,

    /* U+0031 "1" */
    0x0, 0x0, 0x0, 0x0, 0x0, 0x0, 0x0, 0x0,
    0x0, 0x2, 0x22, 0x10, 0x0, 0x0, 0x0, 0x0,
    0x0, 0x0, 0x0, 0x0, 0x0, 0x0, 0x0, 0x0,
    0x0, 0x0, 0x0, 0x2, 0x7b, 0xef, 0xff, 0xff,
    0xfd, 0x95, 0x0, 0x0, 0x0, 0x0, 0x0, 0x0,
    0x0, 0x0, 0x0, 0x0, 0x0, 0x0, 0x0, 0x6c,
    0xff, 0xff, 0xff, 0xff, 0xff, 0xff, 0xff, 0x92,
    0x0, 0x0, 0x0, 0x0, 0x0, 0x0, 0x0, 0x0,
    0x0, 0x0, 0x4, 0xef, 0xff, 0xff, 0xff, 0xff,
    0xff, 0xff, 0xff, 0xff, 0xfa, 0x10, 0x0, 0x0,
    0x0, 0x0, 0x0, 0x0, 0x0, 0x0, 0x9, 0xff,
    0xff, 0xff, 0xff, 0xff, 0xff, 0xff, 0xff, 0xff,
    0xff, 0xfe, 0x50, 0x0, 0x0, 0x0, 0x0, 0x0,
    0x0, 0x0, 0x1d, 0xff, 0xff, 0xff, 0xff, 0xff,
    0xff, 0xff, 0xff, 0xff, 0xff, 0xff, 0xff, 0x80,
    0x0, 0x0, 0x0, 0x0, 0x0, 0x0, 0x2e, 0xff,
    0xff, 0xff, 0xff, 0xff, 0xff, 0xff, 0xff, 0xff,
    0xff, 0xff, 0xff, 0xff, 0x90, 0x0, 0x0, 0x0,
    0x0, 0x0, 0x1d, 0xff, 0xff, 0xff, 0xff, 0xff,
    0xff, 0xff, 0xff, 0xff, 0xff, 0xff, 0xff, 0xff,
    0xff, 0x80, 0x0, 0x0, 0x0, 0x0, 0xb, 0xff,
    0xff, 0xff, 0xff, 0xff, 0xff, 0xff, 0xff, 0xff,
    0xff, 0xff, 0xff, 0xff, 0xff, 0xff, 0x60, 0x0,
    0x0, 0x0, 0x7, 0xff, 0xff, 0xff, 0xff, 0xff,
    0xff, 0xff, 0xff, 0xff, 0xff, 0xff, 0xff, 0xff,
    0xff, 0xff, 0xff, 0x20, 0x0, 0x0, 0x2, 0xff,
    0xff, 0xff, 0xff, 0xff, 0xff, 0xff, 0xff, 0xff,
    0xff, 0xff, 0xff, 0xff, 0xff, 0xff, 0xff, 0xfb,
    0x0, 0x0, 0x0, 0xbf, 0xff, 0xff, 0xff, 0xff,
    0xff, 0xff, 0xff, 0xff, 0xff, 0xff, 0xff, 0xff,
    0xee, 0x98, 0x88, 0x8a, 0xf3, 0x0, 0x0, 0x3f,
    0xff, 0x30, 0x0, 0x0, 0xff, 0xfb, 0x0, 0x0,
    0x7, 0xff, 0x40, 0x0, 0x0, 0x0, 0x0, 0x0,
    0x8f, 0xb0, 0x0, 0x9, 0xff, 0xe0, 0x0, 0x0,
    0xf, 0xff, 0xb0, 0x0, 0x0, 0x7f, 0xf0, 0x0,
    0x0, 0x0, 0x0, 0x0, 0xc, 0xff, 0x20, 0x0,
    0xff, 0xfa, 0x0, 0x0, 0x0, 0xef, 0xfb, 0x0,
    0x0, 0x7, 0xfa, 0x0, 0x0, 0x0, 0x0, 0x0,
    0x1, 0xff, 0xf9, 0x0, 0x4f, 0xff, 0x60, 0x0,
    0x0, 0xe, 0xff, 0xb0, 0x0, 0x0, 0x7f, 0x50,
    0x0, 0x0, 0x0, 0x0, 0x0, 0x5f, 0xff, 0xd0,
    0x8, 0xff, 0xf2, 0x0, 0x0, 0x0, 0xff, 0xfb,
    0x0, 0x0, 0x7, 0xf1, 0x0, 0x0, 0x0, 0x0,
    0x0, 0x9, 0xff, 0xff, 0x0, 0xbf, 0xfe, 0x10,
    0x0, 0x0, 0xf, 0xff, 0xb0, 0x0, 0x0, 0x7d,
    0x10, 0x0, 0x0, 0x1, 0x11, 0x11, 0xef, 0xff,
    0xf3, 0xd, 0xff, 0xff, 0x30, 0x0, 0x0, 0x33,
    0x32, 0x0, 0x0, 0x7, 0xff, 0x30, 0x0, 0x0,
    0xff, 0xff, 0xff, 0xff, 0xff, 0x50, 0xef, 0xff,
    0xf3, 0x0, 0x0, 0x0, 0x0, 0x0, 0x0, 0x0,
    0x7f, 0xf3, 0x0, 0x0, 0x4, 0x44, 0x44, 0x7f,
    0xff, 0xf6, 0xf, 0xff, 0xff, 0x30, 0x0, 0x0,
    0x0, 0x0, 0x0, 0x0, 0x7, 0xff, 0x30, 0x0,
    0x0, 0x0, 0x0, 0x8, 0xff, 0xff, 0x70, 0xff,
    0xff, 0xf3, 0x0, 0x0, 0x0, 0x0, 0x0, 0x0,
    0x0, 0x7f, 0xf3, 0x0, 0x0, 0x0, 0x0, 0x0,
    0xcf, 0xff, 0xf7, 0xf, 0xff, 0xff, 0x30, 0x0,
    0x0, 0x0, 0x0, 0x0, 0x0, 0x7, 0xff, 0x30,
    0x0, 0x0, 0x0, 0x0, 0x1f, 0xff, 0xff, 0x60,
    0xdf, 0xff, 0xf3, 0x0, 0x0, 0x3, 0x33, 0x20,
    0x0, 0x0, 0x7f, 0xf3, 0x0, 0x0, 0x0, 0x0,
    0x6, 0xff, 0xff, 0xf4, 0xa, 0xff, 0xff, 0x30,
    0x0, 0x0, 0xff, 0xfb, 0x0, 0x0, 0x7, 0xff,
    0x30, 0x0, 0x0, 0xff, 0xff, 0xff, 0xff, 0xff,
    0x10, 0x7f, 0xff, 0xf3, 0x0, 0x0, 0xf, 0xff,
    0xb0, 0x0, 0x0, 0x7f, 0xf3, 0x0, 0x0, 0xf,
    0xff, 0xff, 0xff, 0xff, 0xd0, 0x2, 0xff, 0xff,
    0x30, 0x0, 0x0, 0xff, 0xfb, 0x0, 0x0, 0x7,
    0xff, 0x30, 0x0, 0x0, 0xff, 0xff, 0xff, 0xff,
    0xf8, 0x0, 0xd, 0xff, 0xf3, 0x0, 0x0, 0xf,
    0xff, 0xb0, 0x0, 0x0, 0x7f, 0xf3, 0x0, 0x0,
    0xf, 0xff, 0xff, 0xff, 0xff, 0x20, 0x0, 0x6f,
    0xff, 0x30, 0x0, 0x0, 0xff, 0xfb, 0x0, 0x0,
    0x7, 0xff, 0x30, 0x0, 0x0, 0xff, 0xff, 0xff,
    0xff, 0xc0, 0x0, 0x0, 0xef, 0xf3, 0x0, 0x0,
    0xf, 0xff, 0xb0, 0x0, 0x0, 0x7f, 0xf3, 0x0,
    0x0, 0xf, 0xff, 0xff, 0xff, 0xf3, 0x0, 0x0,
    0x6, 0xff, 0x97, 0x77, 0x77, 0xff, 0xfd, 0x77,
    0x77, 0x7b, 0xff, 0x97, 0x77, 0x77, 0xff, 0xff,
    0xff, 0xfb, 0x0, 0x0, 0x0, 0xc, 0xff, 0xff,
    0xff, 0xff, 0xff, 0xff, 0xff, 0xff, 0xff, 0xff,
    0xff, 0xff, 0xff, 0xff, 0xff, 0xff, 0x20, 0x0,
    0x0, 0x0, 0x2f, 0xff, 0xff, 0xff, 0xff, 0xff,
    0xff, 0xff, 0xff, 0xff, 0xff, 0xff, 0xff, 0xff,
    0xff, 0xff, 0x50, 0x0, 0x0, 0x0, 0x0, 0x4f,
    0xff, 0xff, 0xff, 0xff, 0xff, 0xff, 0xff, 0xff,
    0xff, 0xff, 0xff, 0xff, 0xff, 0xff, 0x90, 0x0,
    0x0, 0x0, 0x0, 0x0, 0x6f, 0xff, 0xff, 0xff,
    0xff, 0xff, 0xff, 0xff, 0xff, 0xff, 0xff, 0xff,
    0xff, 0xff, 0xa0, 0x0, 0x0, 0x0, 0x0, 0x0,
    0x0, 0x5f, 0xff, 0xff, 0xff, 0xff, 0xff, 0xff,
    0xff, 0xff, 0xff, 0xff, 0xff, 0xff, 0x80, 0x0,
    0x0, 0x0, 0x0, 0x0, 0x0, 0x0, 0x2d, 0xff,
    0xff, 0xff, 0xff, 0xff, 0xff, 0xff, 0xff, 0xff,
    0xff, 0xfe, 0x60, 0x0, 0x0, 0x0, 0x0, 0x0,
    0x0, 0x0, 0x0, 0x8, 0xff, 0xff, 0xff, 0xff,
    0xff, 0xff, 0xff, 0xff, 0xff, 0xfa, 0x10, 0x0,
    0x0, 0x0, 0x0, 0x0, 0x0, 0x0, 0x0, 0x0,
    0x1, 0x8f, 0xff, 0xff, 0xff, 0xff, 0xff, 0xff,
    0xff, 0xa3, 0x0, 0x0, 0x0, 0x0, 0x0, 0x0,
    0x0, 0x0, 0x0, 0x0, 0x0, 0x0, 0x5, 0xad,
    0xff, 0xff, 0xff, 0xfe, 0xb6, 0x10, 0x0, 0x0,
    0x0, 0x0, 0x0, 0x0, 0x0, 0x0, 0x0, 0x0,
    0x0, 0x0, 0x0, 0x0, 0x0, 0x23, 0x44, 0x31,
    0x0, 0x0, 0x0, 0x0, 0x0, 0x0, 0x0, 0x0,
    0x0, 0x0, 0x0, 0x0, 0x6, 0x66, 0x67, 0x33,
    0x24, 0x78, 0x68, 0x37, 0x64, 0x85, 0x86, 0x13,
    0x73, 0x56, 0x0, 0x0, 0x0, 0x0, 0x0, 0x0,
    0x0, 0xb9, 0xbb, 0xb6, 0x50, 0xe9, 0xf9, 0xe9,
    0xd7, 0xb7, 0xbc, 0xf2, 0xb5, 0xaf, 0xb0, 0x0,
    0x0, 0x0, 0x0, 0x0, 0x0, 0xa, 0x9, 0x99,
    0x99, 0x9, 0x3d, 0x8c, 0x6c, 0x86, 0xb7, 0x99,
    0x27, 0xc6, 0x99, 0x0, 0x0, 0x0, 0x0, 0x0,
    0x0, 0x0, 0x0, 0x0, 0x0, 0x0, 0x0, 0x0,
    0x0, 0x0, 0x0, 0x0, 0x0, 0x0, 0x0, 0x0,
    0x0, 0x0, 0x0, 0x0, 0xa, 0xba, 0xaa, 0xbb,
    0xb9, 0x57, 0xac, 0xbc, 0x8d, 0x9c, 0x7d, 0x7a,
    0xad, 0xac, 0x16, 0xd6, 0xd7, 0xbc, 0x10, 0x0,
    0x0, 0x9f, 0xcb, 0xfa, 0xdf, 0x85, 0xfa, 0xd6,
    0xea, 0xea, 0xbb, 0x4b, 0xfc, 0xb4, 0xd2, 0xb3,
    0xa4, 0xce, 0xe1, 0x0, 0x0, 0x5, 0xa8, 0x7a,
    0x69, 0xa6, 0x87, 0x89, 0x39, 0x4d, 0x93, 0x5b,
    0x48, 0xa9, 0x4c, 0x76, 0xd4, 0xb5, 0x89, 0x10,

    /* U+0032 "2" */
    0x0, 0x0, 0x0, 0x0, 0x0, 0x0, 0x0, 0x0,
    0x0, 0x2, 0x22, 0x10, 0x0, 0x0, 0x0, 0x0,
    0x0, 0x0, 0x0, 0x0, 0x0, 0x0, 0x0, 0x0,
    0x0, 0x0, 0x0, 0x2, 0x7b, 0xef, 0xff, 0xff,
    0xfd, 0x95, 0x0, 0x0, 0x0, 0x0, 0x0, 0x0,
    0x0, 0x0, 0x0, 0x0, 0x0, 0x0, 0x0, 0x6c,
    0xff, 0xff, 0xff, 0xff, 0xff, 0xff, 0xff, 0x92,
    0x0, 0x0, 0x0, 0x0, 0x0, 0x0, 0x0, 0x0,
    0x0, 0x0, 0x4, 0xef, 0xff, 0xff, 0xff, 0xff,
    0xff, 0xff, 0xff, 0xff, 0xfa, 0x10, 0x0, 0x0,
    0x0, 0x0, 0x0, 0x0, 0x0, 0x0, 0x9, 0xff,
    0xff, 0xff, 0xff, 0xff, 0xff, 0xff, 0xff, 0xff,
    0xff, 0xfe, 0x50, 0x0, 0x0, 0x0, 0x0, 0x0,
    0x0, 0x0, 0x1d, 0xff, 0xff, 0xff, 0xff, 0xff,
    0xff, 0xff, 0xff, 0xff, 0xff, 0xff, 0xff, 0x80,
    0x0, 0x0, 0x0, 0x0, 0x0, 0x0, 0x2e, 0xff,
    0xff, 0xff, 0xff, 0xff, 0xff, 0xff, 0xff, 0xff,
    0xff, 0xff, 0xff, 0xff, 0x90, 0x0, 0x0, 0x0,
    0x0, 0x0, 0x1d, 0xff, 0xff, 0xff, 0xff, 0xff,
    0xff, 0xff, 0xff, 0xff, 0xff, 0xff, 0xff, 0xff,
    0xff, 0x80, 0x0, 0x0, 0x0, 0x0, 0xb, 0xff,
    0xff, 0xff, 0xff, 0xff, 0xff, 0xff, 0xff, 0xff,
    0xff, 0xff, 0xff, 0xff, 0xff, 0xff, 0x60, 0x0,
    0x0, 0x0, 0x7, 0xff, 0xff, 0xff, 0xff, 0xff,
    0xff, 0xff, 0xff, 0xff, 0xff, 0xff, 0xff, 0xff,
    0xff, 0xff, 0xff, 0x20, 0x0, 0x0, 0x2, 0xff,
    0xff, 0xff, 0xff, 0xff, 0xff, 0xff, 0xff, 0xff,
    0xff, 0xff, 0xff, 0xff, 0xff, 0xff, 0xff, 0xfb,
    0x0, 0x0, 0x0, 0xbf, 0xff, 0xff, 0xff, 0xff,
    0xff, 0xff, 0xff, 0xff, 0xff, 0xff, 0xff, 0xff,
    0xee, 0x98, 0x88, 0x8a, 0xf3, 0x0, 0x0, 0x3f,
    0xff, 0x30, 0x0, 0x0, 0xff, 0xfb, 0x0, 0x0,
    0x7, 0xff, 0x40, 0x0, 0x0, 0x0, 0x0, 0x0,
    0x8f, 0xb0, 0x0, 0x9, 0xff, 0xe0, 0x0, 0x0,
    0xf, 0xff, 0xb0, 0x0, 0x0, 0x7f, 0xf0, 0x0,
    0x0, 0x0, 0x0, 0x0, 0xc, 0xff, 0x20, 0x0,
    0xff, 0xfa, 0x0, 0x0, 0x0, 0xef, 0xfb, 0x0,
    0x0, 0x7, 0xfa, 0x0, 0x0, 0x0, 0x0, 0x0,
    0x1, 0xff, 0xf9, 0x0, 0x4f, 0xff, 0x60, 0x0,
    0x0, 0xe, 0xff, 0xb0, 0x0, 0x0, 0x7f, 0x50,
    0x0, 0x0, 0x0, 0x0, 0x0, 0x5f, 0xff, 0xd0,
    0x8, 0xff, 0xf2, 0x0, 0x0, 0x0, 0xff, 0xfb,
    0x0, 0x0, 0x7, 0xf1, 0x0, 0x0, 0x0, 0x0,
    0x0, 0x9, 0xff, 0xff, 0x0, 0xbf, 0xfe, 0x10,
    0x0, 0x0, 0xf, 0xff, 0xb0, 0x0, 0x0, 0x7d,
    0x10, 0x0, 0x0, 0x1, 0x11, 0x11, 0xef, 0xff,
    0xf3, 0xd, 0xff, 0xff, 0x30, 0x0, 0x0, 0x33,
    0x32, 0x0, 0x0, 0x7, 0xff, 0x30, 0x0, 0x0,
    0xff, 0xff, 0xff, 0xff, 0xff, 0x50, 0xef, 0xff,
    0xf3, 0x0, 0x0, 0x0, 0x0, 0x0, 0x0, 0x0,
    0x7f, 0xf3, 0x0, 0x0, 0x4, 0x44, 0x44, 0x7f,
    0xff, 0xf6, 0xf, 0xff, 0xff, 0x30, 0x0, 0x0,
    0x0, 0x0, 0x0, 0x0, 0x7, 0xff, 0x30, 0x0,
    0x0, 0x0, 0x0, 0x8, 0xff, 0xff, 0x70, 0xff,
    0xff, 0xf3, 0x0, 0x0, 0x0, 0x0, 0x0, 0x0,
    0x0, 0x7f, 0xf3, 0x0, 0x0, 0x0, 0x0, 0x0,
    0xcf, 0xff, 0xf7, 0xf, 0xff, 0xff, 0x30, 0x0,
    0x0, 0x0, 0x0, 0x0, 0x0, 0x7, 0xff, 0x30,
    0x0, 0x0, 0x0, 0x0, 0x1f, 0xff, 0xff, 0x60,
    0xdf, 0xff, 0xf3, 0x0, 0x0, 0x3, 0x33, 0x20,
    0x0, 0x0, 0x7f, 0xf3, 0x0, 0x0, 0x0, 0x0,
    0x6, 0xff, 0xff, 0xf4, 0xa, 0xff, 0xff, 0x30,
    0x0, 0x0, 0xff, 0xfb, 0x0, 0x0, 0x7, 0xff,
    0x30, 0x0, 0x0, 0xff, 0xff, 0xff, 0xff, 0xff,
    0x10, 0x7f, 0xff, 0xf3, 0x0, 0x0, 0xf, 0xff,
    0xb0, 0x0, 0x0, 0x7f, 0xf3, 0x0, 0x0, 0xf,
    0xff, 0xff, 0xff, 0xff, 0xd0, 0x2, 0xff, 0xff,
    0x30, 0x0, 0x0, 0xff, 0xfb, 0x0, 0x0, 0x7,
    0xff, 0x30, 0x0, 0x0, 0xff, 0xff, 0xff, 0xff,
    0xf8, 0x0, 0xd, 0xff, 0xf3, 0x0, 0x0, 0xf,
    0xff, 0xb0, 0x0, 0x0, 0x7f, 0xf3, 0x0, 0x0,
    0xf, 0xff, 0xff, 0xff, 0xff, 0x20, 0x0, 0x6f,
    0xff, 0x30, 0x0, 0x0, 0xff, 0xfb, 0x0, 0x0,
    0x7, 0xff, 0x30, 0x0, 0x0, 0xff, 0xff, 0xff,
    0xff, 0xc0, 0x0, 0x0, 0xef, 0xf3, 0x0, 0x0,
    0xf, 0xff, 0xb0, 0x0, 0x0, 0x7f, 0xf3, 0x0,
    0x0, 0xf, 0xff, 0xff, 0xff, 0xf3, 0x0, 0x0,
    0x6, 0xff, 0x97, 0x77, 0x77, 0xff, 0xfd, 0x77,
    0x77, 0x7b, 0xff, 0x97, 0x77, 0x77, 0xff, 0xff,
    0xff, 0xfb, 0x0, 0x0, 0x0, 0xc, 0xff, 0xff,
    0xff, 0xff, 0xff, 0xff, 0xff, 0xff, 0xff, 0xff,
    0xff, 0xff, 0xff, 0xff, 0xff, 0xff, 0x20, 0x0,
    0x0, 0x0, 0x2f, 0xff, 0xff, 0xff, 0xff, 0xff,
    0xff, 0xff, 0xff, 0xff, 0xff, 0xff, 0xff, 0xff,
    0xff, 0xff, 0x50, 0x0, 0x0, 0x0, 0x0, 0x4f,
    0xff, 0xff, 0xff, 0xff, 0xff, 0xff, 0xff, 0xff,
    0xff, 0xff, 0xff, 0xff, 0xff, 0xff, 0x90, 0x0,
    0x0, 0x0, 0x0, 0x0, 0x6f, 0xff, 0xff, 0xff,
    0xff, 0xff, 0xff, 0xff, 0xff, 0xff, 0xff, 0xff,
    0xff, 0xff, 0xa0, 0x0, 0x0, 0x0, 0x0, 0x0,
    0x0, 0x5f, 0xff, 0xff, 0xff, 0xff, 0xff, 0xff,
    0xff, 0xff, 0xff, 0xff, 0xff, 0xff, 0x80, 0x0,
    0x0, 0x0, 0x0, 0x0, 0x0, 0x0, 0x2d, 0xff,
    0xff, 0xff, 0xff, 0xff, 0xff, 0xff, 0xff, 0xff,
    0xff, 0xfe, 0x60, 0x0, 0x0, 0x0, 0x0, 0x0,
    0x0, 0x0, 0x0, 0x8, 0xff, 0xff, 0xff, 0xff,
    0xff, 0xff, 0xff, 0xff, 0xff, 0xfa, 0x10, 0x0,
    0x0, 0x0, 0x0, 0x0, 0x0, 0x0, 0x0, 0x0,
    0x1, 0x8f, 0xff, 0xff, 0xff, 0xff, 0xff, 0xff,
    0xff, 0xa3, 0x0, 0x0, 0x0, 0x0, 0x0, 0x0,
    0x0, 0x0, 0x0, 0x0, 0x0, 0x0, 0x5, 0xad,
    0xff, 0xff, 0xff, 0xfe, 0xb6, 0x10, 0x0, 0x0,
    0x0, 0x0, 0x0, 0x0, 0x0, 0x0, 0x0, 0x0,
    0x0, 0x0, 0x0, 0x0, 0x0, 0x23, 0x44, 0x31,
    0x0, 0x0, 0x0, 0x0, 0x0, 0x0, 0x0, 0x0,
    0x0, 0x0, 0x0, 0x0, 0x6, 0x66, 0x67, 0x33,
    0x24, 0x78, 0x68, 0x37, 0x64, 0x85, 0x86, 0x13,
    0x73, 0x56, 0x0, 0x0, 0x0, 0x0, 0x0, 0x0,
    0x0, 0xb9, 0xbb, 0xb6, 0x50, 0xe9, 0xf9, 0xe9,
    0xd7, 0xb7, 0xbc, 0xf2, 0xb5, 0xaf, 0xb0, 0x0,
    0x0, 0x0, 0x0, 0x0, 0x0, 0xa, 0x9, 0x99,
    0x99, 0x9, 0x3d, 0x8c, 0x6c, 0x86, 0xb7, 0x99,
    0x27, 0xc6, 0x99, 0x0, 0x0, 0x0, 0x0, 0x0,
    0x0, 0x0, 0x0, 0x0, 0x0, 0x0, 0x0, 0x0,
    0x0, 0x0, 0x0, 0x0, 0x0, 0x0, 0x0, 0x0,
    0x0, 0x0, 0x0, 0x0, 0xa, 0xba, 0xaa, 0xbb,
    0xb9, 0x57, 0xac, 0xbc, 0x8d, 0x9c, 0x7d, 0x7a,
    0xad, 0xac, 0x16, 0xd6, 0xd7, 0xbc, 0x10, 0x0,
    0x0, 0x9f, 0xcb, 0xfa, 0xdf, 0x85, 0xfa, 0xd6,
    0xea, 0xea, 0xbb, 0x4b, 0xfc, 0xb4, 0xd2, 0xb3,
    0xa4, 0xce, 0xe1, 0x0, 0x0, 0x5, 0xa8, 0x7a,
    0x69, 0xa6, 0x87, 0x89, 0x39, 0x4d, 0x93, 0x5b,
    0x48, 0xa9, 0x4c, 0x76, 0xd4, 0xb5, 0x89, 0x10,

    /* U+0033 "3" */
    0x0, 0x0, 0x0, 0x0, 0x0, 0x0, 0x0, 0x0,
    0x0, 0x2, 0x22, 0x10, 0x0, 0x0, 0x0, 0x0,
    0x0, 0x0, 0x0, 0x0, 0x0, 0x0, 0x0, 0x0,
    0x0, 0x0, 0x0, 0x2, 0x7b, 0xef, 0xff, 0xff,
    0xfd, 0x95, 0x0, 0x0, 0x0, 0x0, 0x0, 0x0,
    0x0, 0x0, 0x0, 0x0, 0x0, 0x0, 0x0, 0x6c,
    0xff, 0xff, 0xff, 0xff, 0xff, 0xff, 0xff, 0x92,
    0x0, 0x0, 0x0, 0x0, 0x0, 0x0, 0x0, 0x0,
    0x0, 0x0, 0x4, 0xef, 0xff, 0xff, 0xff, 0xff,
    0xff, 0xff, 0xff, 0xff, 0xfa, 0x10, 0x0, 0x0,
    0x0, 0x0, 0x0, 0x0, 0x0, 0x0, 0x9, 0xff,
    0xff, 0xff, 0xff, 0xff, 0xff, 0xff, 0xff, 0xff,
    0xff, 0xfe, 0x50, 0x0, 0x0, 0x0, 0x0, 0x0,
    0x0, 0x0, 0x1d, 0xff, 0xff, 0xff, 0xff, 0xff,
    0xff, 0xff, 0xff, 0xff, 0xff, 0xff, 0xff, 0x80,
    0x0, 0x0, 0x0, 0x0, 0x0, 0x0, 0x2e, 0xff,
    0xff, 0xff, 0xff, 0xff, 0xff, 0xff, 0xff, 0xff,
    0xff, 0xff, 0xff, 0xff, 0x90, 0x0, 0x0, 0x0,
    0x0, 0x0, 0x1d, 0xff, 0xff, 0xff, 0xff, 0xff,
    0xff, 0xff, 0xff, 0xff, 0xff, 0xff, 0xff, 0xff,
    0xff, 0x80, 0x0, 0x0, 0x0, 0x0, 0xb, 0xff,
    0xff, 0xff, 0xff, 0xff, 0xff, 0xff, 0xff, 0xff,
    0xff, 0xff, 0xff, 0xff, 0xff, 0xff, 0x60, 0x0,
    0x0, 0x0, 0x7, 0xff, 0xff, 0xff, 0xff, 0xff,
    0xff, 0xff, 0xff, 0xff, 0xff, 0xff, 0xff, 0xff,
    0xff, 0xff, 0xff, 0x20, 0x0, 0x0, 0x2, 0xff,
    0xff, 0xff, 0xff, 0xff, 0xff, 0xff, 0xff, 0xff,
    0xff, 0xff, 0xff, 0xff, 0xff, 0xff, 0xff, 0xfb,
    0x0, 0x0, 0x0, 0xbf, 0xff, 0xff, 0xff, 0xff,
    0xff, 0xff, 0xff, 0xff, 0xff, 0xff, 0xff, 0xff,
    0xee, 0x98, 0x88, 0x8a, 0xf3, 0x0, 0x0, 0x3f,
    0xff, 0x30, 0x0, 0x0, 0xff, 0xfb, 0x0, 0x0,
    0x7, 0xff, 0x40, 0x0, 0x0, 0x0, 0x0, 0x0,
    0x8f, 0xb0, 0x0, 0x9, 0xff, 0xe0, 0x0, 0x0,
    0xf, 0xff, 0xb0, 0x0, 0x0, 0x7f, 0xf0, 0x0,
    0x0, 0x0, 0x0, 0x0, 0xc, 0xff, 0x20, 0x0,
    0xff, 0xfa, 0x0, 0x0, 0x0, 0xef, 0xfb, 0x0,
    0x0, 0x7, 0xfa, 0x0, 0x0, 0x0, 0x0, 0x0,
    0x1, 0xff, 0xf9, 0x0, 0x4f, 0xff, 0x60, 0x0,
    0x0, 0xe, 0xff, 0xb0, 0x0, 0x0, 0x7f, 0x50,
    0x0, 0x0, 0x0, 0x0, 0x0, 0x5f, 0xff, 0xd0,
    0x8, 0xff, 0xf2, 0x0, 0x0, 0x0, 0xff, 0xfb,
    0x0, 0x0, 0x7, 0xf1, 0x0, 0x0, 0x0, 0x0,
    0x0, 0x9, 0xff, 0xff, 0x0, 0xbf, 0xfe, 0x10,
    0x0, 0x0, 0xf, 0xff, 0xb0, 0x0, 0x0, 0x7d,
    0x10, 0x0, 0x0, 0x1, 0x11, 0x11, 0xef, 0xff,
    0xf3, 0xd, 0xff, 0xff, 0x30, 0x0, 0x0, 0x33,
    0x32, 0x0, 0x0, 0x7, 0xff, 0x30, 0x0, 0x0,
    0xff, 0xff, 0xff, 0xff, 0xff, 0x50, 0xef, 0xff,
    0xf3, 0x0, 0x0, 0x0, 0x0, 0x0, 0x0, 0x0,
    0x7f, 0xf3, 0x0, 0x0, 0x4, 0x44, 0x44, 0x7f,
    0xff, 0xf6, 0xf, 0xff, 0xff, 0x30, 0x0, 0x0,
    0x0, 0x0, 0x0, 0x0, 0x7, 0xff, 0x30, 0x0,
    0x0, 0x0, 0x0, 0x8, 0xff, 0xff, 0x70, 0xff,
    0xff, 0xf3, 0x0, 0x0, 0x0, 0x0, 0x0, 0x0,
    0x0, 0x7f, 0xf3, 0x0, 0x0, 0x0, 0x0, 0x0,
    0xcf, 0xff, 0xf7, 0xf, 0xff, 0xff, 0x30, 0x0,
    0x0, 0x0, 0x0, 0x0, 0x0, 0x7, 0xff, 0x30,
    0x0, 0x0, 0x0, 0x0, 0x1f, 0xff, 0xff, 0x60,
    0xdf, 0xff, 0xf3, 0x0, 0x0, 0x3, 0x33, 0x20,
    0x0, 0x0, 0x7f, 0xf3, 0x0, 0x0, 0x0, 0x0,
    0x6, 0xff, 0xff, 0xf4, 0xa, 0xff, 0xff, 0x30,
    0x0, 0x0, 0xff, 0xfb, 0x0, 0x0, 0x7, 0xff,
    0x30, 0x0, 0x0, 0xff, 0xff, 0xff, 0xff, 0xff,
    0x10, 0x7f, 0xff, 0xf3, 0x0, 0x0, 0xf, 0xff,
    0xb0, 0x0, 0x0, 0x7f, 0xf3, 0x0, 0x0, 0xf,
    0xff, 0xff, 0xff, 0xff, 0xd0, 0x2, 0xff, 0xff,
    0x30, 0x0, 0x0, 0xff, 0xfb, 0x0, 0x0, 0x7,
    0xff, 0x30, 0x0, 0x0, 0xff, 0xff, 0xff, 0xff,
    0xf8, 0x0, 0xd, 0xff, 0xf3, 0x0, 0x0, 0xf,
    0xff, 0xb0, 0x0, 0x0, 0x7f, 0xf3, 0x0, 0x0,
    0xf, 0xff, 0xff, 0xff, 0xff, 0x20, 0x0, 0x6f,
    0xff, 0x30, 0x0, 0x0, 0xff, 0xfb, 0x0, 0x0,
    0x7, 0xff, 0x30, 0x0, 0x0, 0xff, 0xff, 0xff,
    0xff, 0xc0, 0x0, 0x0, 0xef, 0xf3, 0x0, 0x0,
    0xf, 0xff, 0xb0, 0x0, 0x0, 0x7f, 0xf3, 0x0,
    0x0, 0xf, 0xff, 0xff, 0xff, 0xf3, 0x0, 0x0,
    0x6, 0xff, 0x97, 0x77, 0x77, 0xff, 0xfd, 0x77,
    0x77, 0x7b, 0xff, 0x97, 0x77, 0x77, 0xff, 0xff,
    0xff, 0xfb, 0x0, 0x0, 0x0, 0xc, 0xff, 0xff,
    0xff, 0xff, 0xff, 0xff, 0xff, 0xff, 0xff, 0xff,
    0xff, 0xff, 0xff, 0xff, 0xff, 0xff, 0x20, 0x0,
    0x0, 0x0, 0x2f, 0xff, 0xff, 0xff, 0xff, 0xff,
    0xff, 0xff, 0xff, 0xff, 0xff, 0xff, 0xff, 0xff,
    0xff, 0xff, 0x50, 0x0, 0x0, 0x0, 0x0, 0x4f,
    0xff, 0xff, 0xff, 0xff, 0xff, 0xff, 0xff, 0xff,
    0xff, 0xff, 0xff, 0xff, 0xff, 0xff, 0x90, 0x0,
    0x0, 0x0, 0x0, 0x0, 0x6f, 0xff, 0xff, 0xff,
    0xff, 0xff, 0xff, 0xff, 0xff, 0xff, 0xff, 0xff,
    0xff, 0xff, 0xa0, 0x0, 0x0, 0x0, 0x0, 0x0,
    0x0, 0x5f, 0xff, 0xff, 0xff, 0xff, 0xff, 0xff,
    0xff, 0xff, 0xff, 0xff, 0xff, 0xff, 0x80, 0x0,
    0x0, 0x0, 0x0, 0x0, 0x0, 0x0, 0x2d, 0xff,
    0xff, 0xff, 0xff, 0xff, 0xff, 0xff, 0xff, 0xff,
    0xff, 0xfe, 0x60, 0x0, 0x0, 0x0, 0x0, 0x0,
    0x0, 0x0, 0x0, 0x8, 0xff, 0xff, 0xff, 0xff,
    0xff, 0xff, 0xff, 0xff, 0xff, 0xfa, 0x10, 0x0,
    0x0, 0x0, 0x0, 0x0, 0x0, 0x0, 0x0, 0x0,
    0x1, 0x8f, 0xff, 0xff, 0xff, 0xff, 0xff, 0xff,
    0xff, 0xa3, 0x0, 0x0, 0x0, 0x0, 0x0, 0x0,
    0x0, 0x0, 0x0, 0x0, 0x0, 0x0, 0x5, 0xad,
    0xff, 0xff, 0xff, 0xfe, 0xb6, 0x10, 0x0, 0x0,
    0x0, 0x0, 0x0, 0x0, 0x0, 0x0, 0x0, 0x0,
    0x0, 0x0, 0x0, 0x0, 0x0, 0x23, 0x44, 0x31,
    0x0, 0x0, 0x0, 0x0, 0x0, 0x0, 0x0, 0x0,
    0x0, 0x0, 0x0, 0x0, 0x6, 0x66, 0x67, 0x33,
    0x24, 0x78, 0x68, 0x37, 0x64, 0x85, 0x86, 0x13,
    0x73, 0x56, 0x0, 0x0, 0x0, 0x0, 0x0, 0x0,
    0x0, 0xb9, 0xbb, 0xb6, 0x50, 0xe9, 0xf9, 0xe9,
    0xd7, 0xb7, 0xbc, 0xf2, 0xb5, 0xaf, 0xb0, 0x0,
    0x0, 0x0, 0x0, 0x0, 0x0, 0xa, 0x9, 0x99,
    0x99, 0x9, 0x3d, 0x8c, 0x6c, 0x86, 0xb7, 0x99,
    0x27, 0xc6, 0x99, 0x0, 0x0, 0x0, 0x0, 0x0,
    0x0, 0x0, 0x0, 0x0, 0x0, 0x0, 0x0, 0x0,
    0x0, 0x0, 0x0, 0x0, 0x0, 0x0, 0x0, 0x0,
    0x0, 0x0, 0x0, 0x0, 0xa, 0xba, 0xaa, 0xbb,
    0xb9, 0x57, 0xac, 0xbc, 0x8d, 0x9c, 0x7d, 0x7a,
    0xad, 0xac, 0x16, 0xd6, 0xd7, 0xbc, 0x10, 0x0,
    0x0, 0x9f, 0xcb, 0xfa, 0xdf, 0x85, 0xfa, 0xd6,
    0xea, 0xea, 0xbb, 0x4b, 0xfc, 0xb4, 0xd2, 0xb3,
    0xa4, 0xce, 0xe1, 0x0, 0x0, 0x5, 0xa8, 0x7a,
    0x69, 0xa6, 0x87, 0x89, 0x39, 0x4d, 0x93, 0x5b,
    0x48, 0xa9, 0x4c, 0x76, 0xd4, 0xb5, 0x89, 0x10,

    /* U+0034 "4" */
    0x0, 0x0, 0x0, 0x0, 0x0, 0x0, 0x0, 0x0,
    0x0, 0x2, 0x22, 0x10, 0x0, 0x0, 0x0, 0x0,
    0x0, 0x0, 0x0, 0x0, 0x0, 0x0, 0x0, 0x0,
    0x0, 0x0, 0x0, 0x2, 0x7b, 0xef, 0xff, 0xff,
    0xfd, 0x95, 0x0, 0x0, 0x0, 0x0, 0x0, 0x0,
    0x0, 0x0, 0x0, 0x0, 0x0, 0x0, 0x0, 0x6c,
    0xff, 0xff, 0xff, 0xff, 0xff, 0xff, 0xff, 0x92,
    0x0, 0x0, 0x0, 0x0, 0x0, 0x0, 0x0, 0x0,
    0x0, 0x0, 0x4, 0xef, 0xff, 0xff, 0xff, 0xff,
    0xff, 0xff, 0xff, 0xff, 0xfa, 0x10, 0x0, 0x0,
    0x0, 0x0, 0x0, 0x0, 0x0, 0x0, 0x9, 0xff,
    0xff, 0xff, 0xff, 0xff, 0xff, 0xff, 0xff, 0xff,
    0xff, 0xfe, 0x50, 0x0, 0x0, 0x0, 0x0, 0x0,
    0x0, 0x0, 0x1d, 0xff, 0xff, 0xff, 0xff, 0xff,
    0xff, 0xff, 0xff, 0xff, 0xff, 0xff, 0xff, 0x80,
    0x0, 0x0, 0x0, 0x0, 0x0, 0x0, 0x2e, 0xff,
    0xff, 0xff, 0xff, 0xff, 0xff, 0xff, 0xff, 0xff,
    0xff, 0xff, 0xff, 0xff, 0x90, 0x0, 0x0, 0x0,
    0x0, 0x0, 0x1d, 0xff, 0xff, 0xff, 0xff, 0xff,
    0xff, 0xff, 0xff, 0xff, 0xff, 0xff, 0xff, 0xff,
    0xff, 0x80, 0x0, 0x0, 0x0, 0x0, 0xb, 0xff,
    0xff, 0xff, 0xff, 0xff, 0xff, 0xff, 0xff, 0xff,
    0xff, 0xff, 0xff, 0xff, 0xff, 0xff, 0x60, 0x0,
    0x0, 0x0, 0x7, 0xff, 0xff, 0xff, 0xff, 0xff,
    0xff, 0xff, 0xff, 0xff, 0xff, 0xff, 0xff, 0xff,
    0xff, 0xff, 0xff, 0x20, 0x0, 0x0, 0x2, 0xff,
    0xff, 0xff, 0xff, 0xff, 0xff, 0xff, 0xff, 0xff,
    0xff, 0xff, 0xff, 0xff, 0xff, 0xff, 0xff, 0xfb,
    0x0, 0x0, 0x0, 0xbf, 0xff, 0xff, 0xff, 0xff,
    0xff, 0xff, 0xff, 0xff, 0xff, 0xff, 0xff, 0xff,
    0xee, 0x98, 0x88, 0x8a, 0xf3, 0x0, 0x0, 0x3f,
    0xff, 0x30, 0x0, 0x0, 0xff, 0xfb, 0x0, 0x0,
    0x7, 0xff, 0x40, 0x0, 0x0, 0x0, 0x0, 0x0,
    0x8f, 0xb0, 0x0, 0x9, 0xff, 0xe0, 0x0, 0x0,
    0xf, 0xff, 0xb0, 0x0, 0x0, 0x7f, 0xf0, 0x0,
    0x0, 0x0, 0x0, 0x0, 0xc, 0xff, 0x20, 0x0,
    0xff, 0xfa, 0x0, 0x0, 0x0, 0xef, 0xfb, 0x0,
    0x0, 0x7, 0xfa, 0x0, 0x0, 0x0, 0x0, 0x0,
    0x1, 0xff, 0xf9, 0x0, 0x4f, 0xff, 0x60, 0x0,
    0x0, 0xe, 0xff, 0xb0, 0x0, 0x0, 0x7f, 0x50,
    0x0, 0x0, 0x0, 0x0, 0x0, 0x5f, 0xff, 0xd0,
    0x8, 0xff, 0xf2, 0x0, 0x0, 0x0, 0xff, 0xfb,
    0x0, 0x0, 0x7, 0xf1, 0x0, 0x0, 0x0, 0x0,
    0x0, 0x9, 0xff, 0xff, 0x0, 0xbf, 0xfe, 0x10,
    0x0, 0x0, 0xf, 0xff, 0xb0, 0x0, 0x0, 0x7d,
    0x10, 0x0, 0x0, 0x1, 0x11, 0x11, 0xef, 0xff,
    0xf3, 0xd, 0xff, 0xff, 0x30, 0x0, 0x0, 0x33,
    0x32, 0x0, 0x0, 0x7, 0xff, 0x30, 0x0, 0x0,
    0xff, 0xff, 0xff, 0xff, 0xff, 0x50, 0xef, 0xff,
    0xf3, 0x0, 0x0, 0x0, 0x0, 0x0, 0x0, 0x0,
    0x7f, 0xf3, 0x0, 0x0, 0x4, 0x44, 0x44, 0x7f,
    0xff, 0xf6, 0xf, 0xff, 0xff, 0x30, 0x0, 0x0,
    0x0, 0x0, 0x0, 0x0, 0x7, 0xff, 0x30, 0x0,
    0x0, 0x0, 0x0, 0x8, 0xff, 0xff, 0x70, 0xff,
    0xff, 0xf3, 0x0, 0x0, 0x0, 0x0, 0x0, 0x0,
    0x0, 0x7f, 0xf3, 0x0, 0x0, 0x0, 0x0, 0x0,
    0xcf, 0xff, 0xf7, 0xf, 0xff, 0xff, 0x30, 0x0,
    0x0, 0x0, 0x0, 0x0, 0x0, 0x7, 0xff, 0x30,
    0x0, 0x0, 0x0, 0x0, 0x1f, 0xff, 0xff, 0x60,
    0xdf, 0xff, 0xf3, 0x0, 0x0, 0x3, 0x33, 0x20,
    0x0, 0x0, 0x7f, 0xf3, 0x0, 0x0, 0x0, 0x0,
    0x6, 0xff, 0xff, 0xf4, 0xa, 0xff, 0xff, 0x30,
    0x0, 0x0, 0xff, 0xfb, 0x0, 0x0, 0x7, 0xff,
    0x30, 0x0, 0x0, 0xff, 0xff, 0xff, 0xff, 0xff,
    0x10, 0x7f, 0xff, 0xf3, 0x0, 0x0, 0xf, 0xff,
    0xb0, 0x0, 0x0, 0x7f, 0xf3, 0x0, 0x0, 0xf,
    0xff, 0xff, 0xff, 0xff, 0xd0, 0x2, 0xff, 0xff,
    0x30, 0x0, 0x0, 0xff, 0xfb, 0x0, 0x0, 0x7,
    0xff, 0x30, 0x0, 0x0, 0xff, 0xff, 0xff, 0xff,
    0xf8, 0x0, 0xd, 0xff, 0xf3, 0x0, 0x0, 0xf,
    0xff, 0xb0, 0x0, 0x0, 0x7f, 0xf3, 0x0, 0x0,
    0xf, 0xff, 0xff, 0xff, 0xff, 0x20, 0x0, 0x6f,
    0xff, 0x30, 0x0, 0x0, 0xff, 0xfb, 0x0, 0x0,
    0x7, 0xff, 0x30, 0x0, 0x0, 0xff, 0xff, 0xff,
    0xff, 0xc0, 0x0, 0x0, 0xef, 0xf3, 0x0, 0x0,
    0xf, 0xff, 0xb0, 0x0, 0x0, 0x7f, 0xf3, 0x0,
    0x0, 0xf, 0xff, 0xff, 0xff, 0xf3, 0x0, 0x0,
    0x6, 0xff, 0x97, 0x77, 0x77, 0xff, 0xfd, 0x77,
    0x77, 0x7b, 0xff, 0x97, 0x77, 0x77, 0xff, 0xff,
    0xff, 0xfb, 0x0, 0x0, 0x0, 0xc, 0xff, 0xff,
    0xff, 0xff, 0xff, 0xff, 0xff, 0xff, 0xff, 0xff,
    0xff, 0xff, 0xff, 0xff, 0xff, 0xff, 0x20, 0x0,
    0x0, 0x0, 0x2f, 0xff, 0xff, 0xff, 0xff, 0xff,
    0xff, 0xff, 0xff, 0xff, 0xff, 0xff, 0xff, 0xff,
    0xff, 0xff, 0x50, 0x0, 0x0, 0x0, 0x0, 0x4f,
    0xff, 0xff, 0xff, 0xff, 0xff, 0xff, 0xff, 0xff,
    0xff, 0xff, 0xff, 0xff, 0xff, 0xff, 0x90, 0x0,
    0x0, 0x0, 0x0, 0x0, 0x6f, 0xff, 0xff, 0xff,
    0xff, 0xff, 0xff, 0xff, 0xff, 0xff, 0xff, 0xff,
    0xff, 0xff, 0xa0, 0x0, 0x0, 0x0, 0x0, 0x0,
    0x0, 0x5f, 0xff, 0xff, 0xff, 0xff, 0xff, 0xff,
    0xff, 0xff, 0xff, 0xff, 0xff, 0xff, 0x80, 0x0,
    0x0, 0x0, 0x0, 0x0, 0x0, 0x0, 0x2d, 0xff,
    0xff, 0xff, 0xff, 0xff, 0xff, 0xff, 0xff, 0xff,
    0xff, 0xfe, 0x60, 0x0, 0x0, 0x0, 0x0, 0x0,
    0x0, 0x0, 0x0, 0x8, 0xff, 0xff, 0xff, 0xff,
    0xff, 0xff, 0xff, 0xff, 0xff, 0xfa, 0x10, 0x0,
    0x0, 0x0, 0x0, 0x0, 0x0, 0x0, 0x0, 0x0,
    0x1, 0x8f, 0xff, 0xff, 0xff, 0xff, 0xff, 0xff,
    0xff, 0xa3, 0x0, 0x0, 0x0, 0x0, 0x0, 0x0,
    0x0, 0x0, 0x0, 0x0, 0x0, 0x0, 0x5, 0xad,
    0xff, 0xff, 0xff, 0xfe, 0xb6, 0x10, 0x0, 0x0,
    0x0, 0x0, 0x0, 0x0, 0x0, 0x0, 0x0, 0x0,
    0x0, 0x0, 0x0, 0x0, 0x0, 0x23, 0x44, 0x31,
    0x0, 0x0, 0x0, 0x0, 0x0, 0x0, 0x0, 0x0,
    0x0, 0x0, 0x0, 0x0, 0x6, 0x66, 0x67, 0x33,
    0x24, 0x78, 0x68, 0x37, 0x64, 0x85, 0x86, 0x13,
    0x73, 0x56, 0x0, 0x0, 0x0, 0x0, 0x0, 0x0,
    0x0, 0xb9, 0xbb, 0xb6, 0x50, 0xe9, 0xf9, 0xe9,
    0xd7, 0xb7, 0xbc, 0xf2, 0xb5, 0xaf, 0xb0, 0x0,
    0x0, 0x0, 0x0, 0x0, 0x0, 0xa, 0x9, 0x99,
    0x99, 0x9, 0x3d, 0x8c, 0x6c, 0x86, 0xb7, 0x99,
    0x27, 0xc6, 0x99, 0x0, 0x0, 0x0, 0x0, 0x0,
    0x0, 0x0, 0x0, 0x0, 0x0, 0x0, 0x0, 0x0,
    0x0, 0x0, 0x0, 0x0, 0x0, 0x0, 0x0, 0x0,
    0x0, 0x0, 0x0, 0x0, 0xa, 0xba, 0xaa, 0xbb,
    0xb9, 0x57, 0xac, 0xbc, 0x8d, 0x9c, 0x7d, 0x7a,
    0xad, 0xac, 0x16, 0xd6, 0xd7, 0xbc, 0x10, 0x0,
    0x0, 0x9f, 0xcb, 0xfa, 0xdf, 0x85, 0xfa, 0xd6,
    0xea, 0xea, 0xbb, 0x4b, 0xfc, 0xb4, 0xd2, 0xb3,
    0xa4, 0xce, 0xe1, 0x0, 0x0, 0x5, 0xa8, 0x7a,
    0x69, 0xa6, 0x87, 0x89, 0x39, 0x4d, 0x93, 0x5b,
    0x48, 0xa9, 0x4c, 0x76, 0xd4, 0xb5, 0x89, 0x10,

    /* U+0035 "5" */
    0x0, 0x0, 0x0, 0x0, 0x0, 0x0, 0x0, 0x0,
    0x0, 0x2, 0x22, 0x10, 0x0, 0x0, 0x0, 0x0,
    0x0, 0x0, 0x0, 0x0, 0x0, 0x0, 0x0, 0x0,
    0x0, 0x0, 0x0, 0x2, 0x7b, 0xef, 0xff, 0xff,
    0xfd, 0x95, 0x0, 0x0, 0x0, 0x0, 0x0, 0x0,
    0x0, 0x0, 0x0, 0x0, 0x0, 0x0, 0x0, 0x6c,
    0xff, 0xff, 0xff, 0xff, 0xff, 0xff, 0xff, 0x92,
    0x0, 0x0, 0x0, 0x0, 0x0, 0x0, 0x0, 0x0,
    0x0, 0x0, 0x4, 0xef, 0xff, 0xff, 0xff, 0xff,
    0xff, 0xff, 0xff, 0xff, 0xfa, 0x10, 0x0, 0x0,
    0x0, 0x0, 0x0, 0x0, 0x0, 0x0, 0x9, 0xff,
    0xff, 0xff, 0xff, 0xff, 0xff, 0xff, 0xff, 0xff,
    0xff, 0xfe, 0x50, 0x0, 0x0, 0x0, 0x0, 0x0,
    0x0, 0x0, 0x1d, 0xff, 0xff, 0xff, 0xff, 0xff,
    0xff, 0xff, 0xff, 0xff, 0xff, 0xff, 0xff, 0x80,
    0x0, 0x0, 0x0, 0x0, 0x0, 0x0, 0x2e, 0xff,
    0xff, 0xff, 0xff, 0xff, 0xff, 0xff, 0xff, 0xff,
    0xff, 0xff, 0xff, 0xff, 0x90, 0x0, 0x0, 0x0,
    0x0, 0x0, 0x1d, 0xff, 0xff, 0xff, 0xff, 0xff,
    0xff, 0xff, 0xff, 0xff, 0xff, 0xff, 0xff, 0xff,
    0xff, 0x80, 0x0, 0x0, 0x0, 0x0, 0xb, 0xff,
    0xff, 0xff, 0xff, 0xff, 0xff, 0xff, 0xff, 0xff,
    0xff, 0xff, 0xff, 0xff, 0xff, 0xff, 0x60, 0x0,
    0x0, 0x0, 0x7, 0xff, 0xff, 0xff, 0xff, 0xff,
    0xff, 0xff, 0xff, 0xff, 0xff, 0xff, 0xff, 0xff,
    0xff, 0xff, 0xff, 0x20, 0x0, 0x0, 0x2, 0xff,
    0xff, 0xff, 0xff, 0xff, 0xff, 0xff, 0xff, 0xff,
    0xff, 0xff, 0xff, 0xff, 0xff, 0xff, 0xff, 0xfb,
    0x0, 0x0, 0x0, 0xbf, 0xff, 0xff, 0xff, 0xff,
    0xff, 0xff, 0xff, 0xff, 0xff, 0xff, 0xff, 0xff,
    0xee, 0x98, 0x88, 0x8a, 0xf3, 0x0, 0x0, 0x3f,
    0xff, 0x30, 0x0, 0x0, 0xff, 0xfb, 0x0, 0x0,
    0x7, 0xff, 0x40, 0x0, 0x0, 0x0, 0x0, 0x0,
    0x8f, 0xb0, 0x0, 0x9, 0xff, 0xe0, 0x0, 0x0,
    0xf, 0xff, 0xb0, 0x0, 0x0, 0x7f, 0xf0, 0x0,
    0x0, 0x0, 0x0, 0x0, 0xc, 0xff, 0x20, 0x0,
    0xff, 0xfa, 0x0, 0x0, 0x0, 0xef, 0xfb, 0x0,
    0x0, 0x7, 0xfa, 0x0, 0x0, 0x0, 0x0, 0x0,
    0x1, 0xff, 0xf9, 0x0, 0x4f, 0xff, 0x60, 0x0,
    0x0, 0xe, 0xff, 0xb0, 0x0, 0x0, 0x7f, 0x50,
    0x0, 0x0, 0x0, 0x0, 0x0, 0x5f, 0xff, 0xd0,
    0x8, 0xff, 0xf2, 0x0, 0x0, 0x0, 0xff, 0xfb,
    0x0, 0x0, 0x7, 0xf1, 0x0, 0x0, 0x0, 0x0,
    0x0, 0x9, 0xff, 0xff, 0x0, 0xbf, 0xfe, 0x10,
    0x0, 0x0, 0xf, 0xff, 0xb0, 0x0, 0x0, 0x7d,
    0x10, 0x0, 0x0, 0x1, 0x11, 0x11, 0xef, 0xff,
    0xf3, 0xd, 0xff, 0xff, 0x30, 0x0, 0x0, 0x33,
    0x32, 0x0, 0x0, 0x7, 0xff, 0x30, 0x0, 0x0,
    0xff, 0xff, 0xff, 0xff, 0xff, 0x50, 0xef, 0xff,
    0xf3, 0x0, 0x0, 0x0, 0x0, 0x0, 0x0, 0x0,
    0x7f, 0xf3, 0x0, 0x0, 0x4, 0x44, 0x44, 0x7f,
    0xff, 0xf6, 0xf, 0xff, 0xff, 0x30, 0x0, 0x0,
    0x0, 0x0, 0x0, 0x0, 0x7, 0xff, 0x30, 0x0,
    0x0, 0x0, 0x0, 0x8, 0xff, 0xff, 0x70, 0xff,
    0xff, 0xf3, 0x0, 0x0, 0x0, 0x0, 0x0, 0x0,
    0x0, 0x7f, 0xf3, 0x0, 0x0, 0x0, 0x0, 0x0,
    0xcf, 0xff, 0xf7, 0xf, 0xff, 0xff, 0x30, 0x0,
    0x0, 0x0, 0x0, 0x0, 0x0, 0x7, 0xff, 0x30,
    0x0, 0x0, 0x0, 0x0, 0x1f, 0xff, 0xff, 0x60,
    0xdf, 0xff, 0xf3, 0x0, 0x0, 0x3, 0x33, 0x20,
    0x0, 0x0, 0x7f, 0xf3, 0x0, 0x0, 0x0, 0x0,
    0x6, 0xff, 0xff, 0xf4, 0xa, 0xff, 0xff, 0x30,
    0x0, 0x0, 0xff, 0xfb, 0x0, 0x0, 0x7, 0xff,
    0x30, 0x0, 0x0, 0xff, 0xff, 0xff, 0xff, 0xff,
    0x10, 0x7f, 0xff, 0xf3, 0x0, 0x0, 0xf, 0xff,
    0xb0, 0x0, 0x0, 0x7f, 0xf3, 0x0, 0x0, 0xf,
    0xff, 0xff, 0xff, 0xff, 0xd0, 0x2, 0xff, 0xff,
    0x30, 0x0, 0x0, 0xff, 0xfb, 0x0, 0x0, 0x7,
    0xff, 0x30, 0x0, 0x0, 0xff, 0xff, 0xff, 0xff,
    0xf8, 0x0, 0xd, 0xff, 0xf3, 0x0, 0x0, 0xf,
    0xff, 0xb0, 0x0, 0x0, 0x7f, 0xf3, 0x0, 0x0,
    0xf, 0xff, 0xff, 0xff, 0xff, 0x20, 0x0, 0x6f,
    0xff, 0x30, 0x0, 0x0, 0xff, 0xfb, 0x0, 0x0,
    0x7, 0xff, 0x30, 0x0, 0x0, 0xff, 0xff, 0xff,
    0xff, 0xc0, 0x0, 0x0, 0xef, 0xf3, 0x0, 0x0,
    0xf, 0xff, 0xb0, 0x0, 0x0, 0x7f, 0xf3, 0x0,
    0x0, 0xf, 0xff, 0xff, 0xff, 0xf3, 0x0, 0x0,
    0x6, 0xff, 0x97, 0x77, 0x77, 0xff, 0xfd, 0x77,
    0x77, 0x7b, 0xff, 0x97, 0x77, 0x77, 0xff, 0xff,
    0xff, 0xfb, 0x0, 0x0, 0x0, 0xc, 0xff, 0xff,
    0xff, 0xff, 0xff, 0xff, 0xff, 0xff, 0xff, 0xff,
    0xff, 0xff, 0xff, 0xff, 0xff, 0xff, 0x20, 0x0,
    0x0, 0x0, 0x2f, 0xff, 0xff, 0xff, 0xff, 0xff,
    0xff, 0xff, 0xff, 0xff, 0xff, 0xff, 0xff, 0xff,
    0xff, 0xff, 0x50, 0x0, 0x0, 0x0, 0x0, 0x4f,
    0xff, 0xff, 0xff, 0xff, 0xff, 0xff, 0xff, 0xff,
    0xff, 0xff, 0xff, 0xff, 0xff, 0xff, 0x90, 0x0,
    0x0, 0x0, 0x0, 0x0, 0x6f, 0xff, 0xff, 0xff,
    0xff, 0xff, 0xff, 0xff, 0xff, 0xff, 0xff, 0xff,
    0xff, 0xff, 0xa0, 0x0, 0x0, 0x0, 0x0, 0x0,
    0x0, 0x5f, 0xff, 0xff, 0xff, 0xff, 0xff, 0xff,
    0xff, 0xff, 0xff, 0xff, 0xff, 0xff, 0x80, 0x0,
    0x0, 0x0, 0x0, 0x0, 0x0, 0x0, 0x2d, 0xff,
    0xff, 0xff, 0xff, 0xff, 0xff, 0xff, 0xff, 0xff,
    0xff, 0xfe, 0x60, 0x0, 0x0, 0x0, 0x0, 0x0,
    0x0, 0x0, 0x0, 0x8, 0xff, 0xff, 0xff, 0xff,
    0xff, 0xff, 0xff, 0xff, 0xff, 0xfa, 0x10, 0x0,
    0x0, 0x0, 0x0, 0x0, 0x0, 0x0, 0x0, 0x0,
    0x1, 0x8f, 0xff, 0xff, 0xff, 0xff, 0xff, 0xff,
    0xff, 0xa3, 0x0, 0x0, 0x0, 0x0, 0x0, 0x0,
    0x0, 0x0, 0x0, 0x0, 0x0, 0x0, 0x5, 0xad,
    0xff, 0xff, 0xff, 0xfe, 0xb6, 0x10, 0x0, 0x0,
    0x0, 0x0, 0x0, 0x0, 0x0, 0x0, 0x0, 0x0,
    0x0, 0x0, 0x0, 0x0, 0x0, 0x23, 0x44, 0x31,
    0x0, 0x0, 0x0, 0x0, 0x0, 0x0, 0x0, 0x0,
    0x0, 0x0, 0x0, 0x0, 0x6, 0x66, 0x67, 0x33,
    0x24, 0x78, 0x68, 0x37, 0x64, 0x85, 0x86, 0x13,
    0x73, 0x56, 0x0, 0x0, 0x0, 0x0, 0x0, 0x0,
    0x0, 0xb9, 0xbb, 0xb6, 0x50, 0xe9, 0xf9, 0xe9,
    0xd7, 0xb7, 0xbc, 0xf2, 0xb5, 0xaf, 0xb0, 0x0,
    0x0, 0x0, 0x0, 0x0, 0x0, 0xa, 0x9, 0x99,
    0x99, 0x9, 0x3d, 0x8c, 0x6c, 0x86, 0xb7, 0x99,
    0x27, 0xc6, 0x99, 0x0, 0x0, 0x0, 0x0, 0x0,
    0x0, 0x0, 0x0, 0x0, 0x0, 0x0, 0x0, 0x0,
    0x0, 0x0, 0x0, 0x0, 0x0, 0x0, 0x0, 0x0,
    0x0, 0x0, 0x0, 0x0, 0xa, 0xba, 0xaa, 0xbb,
    0xb9, 0x57, 0xac, 0xbc, 0x8d, 0x9c, 0x7d, 0x7a,
    0xad, 0xac, 0x16, 0xd6, 0xd7, 0xbc, 0x10, 0x0,
    0x0, 0x9f, 0xcb, 0xfa, 0xdf, 0x85, 0xfa, 0xd6,
    0xea, 0xea, 0xbb, 0x4b, 0xfc, 0xb4, 0xd2, 0xb3,
    0xa4, 0xce, 0xe1, 0x0, 0x0, 0x5, 0xa8, 0x7a,
    0x69, 0xa6, 0x87, 0x89, 0x39, 0x4d, 0x93, 0x5b,
    0x48, 0xa9, 0x4c, 0x76, 0xd4, 0xb5, 0x89, 0x10,

    /* U+0036 "6" */
    0x0, 0x0, 0x0, 0x0, 0x0, 0x0, 0x0, 0x0,
    0x0, 0x2, 0x22, 0x10, 0x0, 0x0, 0x0, 0x0,
    0x0, 0x0, 0x0, 0x0, 0x0, 0x0, 0x0, 0x0,
    0x0, 0x0, 0x0, 0x2, 0x7b, 0xef, 0xff, 0xff,
    0xfd, 0x95, 0x0, 0x0, 0x0, 0x0, 0x0, 0x0,
    0x0, 0x0, 0x0, 0x0, 0x0, 0x0, 0x0, 0x6c,
    0xff, 0xff, 0xff, 0xff, 0xff, 0xff, 0xff, 0x92,
    0x0, 0x0, 0x0, 0x0, 0x0, 0x0, 0x0, 0x0,
    0x0, 0x0, 0x4, 0xef, 0xff, 0xff, 0xff, 0xff,
    0xff, 0xff, 0xff, 0xff, 0xfa, 0x10, 0x0, 0x0,
    0x0, 0x0, 0x0, 0x0, 0x0, 0x0, 0x9, 0xff,
    0xff, 0xff, 0xff, 0xff, 0xff, 0xff, 0xff, 0xff,
    0xff, 0xfe, 0x50, 0x0, 0x0, 0x0, 0x0, 0x0,
    0x0, 0x0, 0x1d, 0xff, 0xff, 0xff, 0xff, 0xff,
    0xff, 0xff, 0xff, 0xff, 0xff, 0xff, 0xff, 0x80,
    0x0, 0x0, 0x0, 0x0, 0x0, 0x0, 0x2e, 0xff,
    0xff, 0xff, 0xff, 0xff, 0xff, 0xff, 0xff, 0xff,
    0xff, 0xff, 0xff, 0xff, 0x90, 0x0, 0x0, 0x0,
    0x0, 0x0, 0x1d, 0xff, 0xff, 0xff, 0xff, 0xff,
    0xff, 0xff, 0xff, 0xff, 0xff, 0xff, 0xff, 0xff,
    0xff, 0x80, 0x0, 0x0, 0x0, 0x0, 0xb, 0xff,
    0xff, 0xff, 0xff, 0xff, 0xff, 0xff, 0xff, 0xff,
    0xff, 0xff, 0xff, 0xff, 0xff, 0xff, 0x60, 0x0,
    0x0, 0x0, 0x7, 0xff, 0xff, 0xff, 0xff, 0xff,
    0xff, 0xff, 0xff, 0xff, 0xff, 0xff, 0xff, 0xff,
    0xff, 0xff, 0xff, 0x20, 0x0, 0x0, 0x2, 0xff,
    0xff, 0xff, 0xff, 0xff, 0xff, 0xff, 0xff, 0xff,
    0xff, 0xff, 0xff, 0xff, 0xff, 0xff, 0xff, 0xfb,
    0x0, 0x0, 0x0, 0xbf, 0xff, 0xff, 0xff, 0xff,
    0xff, 0xff, 0xff, 0xff, 0xff, 0xff, 0xff, 0xff,
    0xee, 0x98, 0x88, 0x8a, 0xf3, 0x0, 0x0, 0x3f,
    0xff, 0x30, 0x0, 0x0, 0xff, 0xfb, 0x0, 0x0,
    0x7, 0xff, 0x40, 0x0, 0x0, 0x0, 0x0, 0x0,
    0x8f, 0xb0, 0x0, 0x9, 0xff, 0xe0, 0x0, 0x0,
    0xf, 0xff, 0xb0, 0x0, 0x0, 0x7f, 0xf0, 0x0,
    0x0, 0x0, 0x0, 0x0, 0xc, 0xff, 0x20, 0x0,
    0xff, 0xfa, 0x0, 0x0, 0x0, 0xef, 0xfb, 0x0,
    0x0, 0x7, 0xfa, 0x0, 0x0, 0x0, 0x0, 0x0,
    0x1, 0xff, 0xf9, 0x0, 0x4f, 0xff, 0x60, 0x0,
    0x0, 0xe, 0xff, 0xb0, 0x0, 0x0, 0x7f, 0x50,
    0x0, 0x0, 0x0, 0x0, 0x0, 0x5f, 0xff, 0xd0,
    0x8, 0xff, 0xf2, 0x0, 0x0, 0x0, 0xff, 0xfb,
    0x0, 0x0, 0x7, 0xf1, 0x0, 0x0, 0x0, 0x0,
    0x0, 0x9, 0xff, 0xff, 0x0, 0xbf, 0xfe, 0x10,
    0x0, 0x0, 0xf, 0xff, 0xb0, 0x0, 0x0, 0x7d,
    0x10, 0x0, 0x0, 0x1, 0x11, 0x11, 0xef, 0xff,
    0xf3, 0xd, 0xff, 0xff, 0x30, 0x0, 0x0, 0x33,
    0x32, 0x0, 0x0, 0x7, 0xff, 0x30, 0x0, 0x0,
    0xff, 0xff, 0xff, 0xff, 0xff, 0x50, 0xef, 0xff,
    0xf3, 0x0, 0x0, 0x0, 0x0, 0x0, 0x0, 0x0,
    0x7f, 0xf3, 0x0, 0x0, 0x4, 0x44, 0x44, 0x7f,
    0xff, 0xf6, 0xf, 0xff, 0xff, 0x30, 0x0, 0x0,
    0x0, 0x0, 0x0, 0x0, 0x7, 0xff, 0x30, 0x0,
    0x0, 0x0, 0x0, 0x8, 0xff, 0xff, 0x70, 0xff,
    0xff, 0xf3, 0x0, 0x0, 0x0, 0x0, 0x0, 0x0,
    0x0, 0x7f, 0xf3, 0x0, 0x0, 0x0, 0x0, 0x0,
    0xcf, 0xff, 0xf7, 0xf, 0xff, 0xff, 0x30, 0x0,
    0x0, 0x0, 0x0, 0x0, 0x0, 0x7, 0xff, 0x30,
    0x0, 0x0, 0x0, 0x0, 0x1f, 0xff, 0xff, 0x60,
    0xdf, 0xff, 0xf3, 0x0, 0x0, 0x3, 0x33, 0x20,
    0x0, 0x0, 0x7f, 0xf3, 0x0, 0x0, 0x0, 0x0,
    0x6, 0xff, 0xff, 0xf4, 0xa, 0xff, 0xff, 0x30,
    0x0, 0x0, 0xff, 0xfb, 0x0, 0x0, 0x7, 0xff,
    0x30, 0x0, 0x0, 0xff, 0xff, 0xff, 0xff, 0xff,
    0x10, 0x7f, 0xff, 0xf3, 0x0, 0x0, 0xf, 0xff,
    0xb0, 0x0, 0x0, 0x7f, 0xf3, 0x0, 0x0, 0xf,
    0xff, 0xff, 0xff, 0xff, 0xd0, 0x2, 0xff, 0xff,
    0x30, 0x0, 0x0, 0xff, 0xfb, 0x0, 0x0, 0x7,
    0xff, 0x30, 0x0, 0x0, 0xff, 0xff, 0xff, 0xff,
    0xf8, 0x0, 0xd, 0xff, 0xf3, 0x0, 0x0, 0xf,
    0xff, 0xb0, 0x0, 0x0, 0x7f, 0xf3, 0x0, 0x0,
    0xf, 0xff, 0xff, 0xff, 0xff, 0x20, 0x0, 0x6f,
    0xff, 0x30, 0x0, 0x0, 0xff, 0xfb, 0x0, 0x0,
    0x7, 0xff, 0x30, 0x0, 0x0, 0xff, 0xff, 0xff,
    0xff, 0xc0, 0x0, 0x0, 0xef, 0xf3, 0x0, 0x0,
    0xf, 0xff, 0xb0, 0x0, 0x0, 0x7f, 0xf3, 0x0,
    0x0, 0xf, 0xff, 0xff, 0xff, 0xf3, 0x0, 0x0,
    0x6, 0xff, 0x97, 0x77, 0x77, 0xff, 0xfd, 0x77,
    0x77, 0x7b, 0xff, 0x97, 0x77, 0x77, 0xff, 0xff,
    0xff, 0xfb, 0x0, 0x0, 0x0, 0xc, 0xff, 0xff,
    0xff, 0xff, 0xff, 0xff, 0xff, 0xff, 0xff, 0xff,
    0xff, 0xff, 0xff, 0xff, 0xff, 0xff, 0x20, 0x0,
    0x0, 0x0, 0x2f, 0xff, 0xff, 0xff, 0xff, 0xff,
    0xff, 0xff, 0xff, 0xff, 0xff, 0xff, 0xff, 0xff,
    0xff, 0xff, 0x50, 0x0, 0x0, 0x0, 0x0, 0x4f,
    0xff, 0xff, 0xff, 0xff, 0xff, 0xff, 0xff, 0xff,
    0xff, 0xff, 0xff, 0xff, 0xff, 0xff, 0x90, 0x0,
    0x0, 0x0, 0x0, 0x0, 0x6f, 0xff, 0xff, 0xff,
    0xff, 0xff, 0xff, 0xff, 0xff, 0xff, 0xff, 0xff,
    0xff, 0xff, 0xa0, 0x0, 0x0, 0x0, 0x0, 0x0,
    0x0, 0x5f, 0xff, 0xff, 0xff, 0xff, 0xff, 0xff,
    0xff, 0xff, 0xff, 0xff, 0xff, 0xff, 0x80, 0x0,
    0x0, 0x0, 0x0, 0x0, 0x0, 0x0, 0x2d, 0xff,
    0xff, 0xff, 0xff, 0xff, 0xff, 0xff, 0xff, 0xff,
    0xff, 0xfe, 0x60, 0x0, 0x0, 0x0, 0x0, 0x0,
    0x0, 0x0, 0x0, 0x8, 0xff, 0xff, 0xff, 0xff,
    0xff, 0xff, 0xff, 0xff, 0xff, 0xfa, 0x10, 0x0,
    0x0, 0x0, 0x0, 0x0, 0x0, 0x0, 0x0, 0x0,
    0x1, 0x8f, 0xff, 0xff, 0xff, 0xff, 0xff, 0xff,
    0xff, 0xa3, 0x0, 0x0, 0x0, 0x0, 0x0, 0x0,
    0x0, 0x0, 0x0, 0x0, 0x0, 0x0, 0x5, 0xad,
    0xff, 0xff, 0xff, 0xfe, 0xb6, 0x10, 0x0, 0x0,
    0x0, 0x0, 0x0, 0x0, 0x0, 0x0, 0x0, 0x0,
    0x0, 0x0, 0x0, 0x0, 0x0, 0x23, 0x44, 0x31,
    0x0, 0x0, 0x0, 0x0, 0x0, 0x0, 0x0, 0x0,
    0x0, 0x0, 0x0, 0x0, 0x6, 0x66, 0x67, 0x33,
    0x24, 0x78, 0x68, 0x37, 0x64, 0x85, 0x86, 0x13,
    0x73, 0x56, 0x0, 0x0, 0x0, 0x0, 0x0, 0x0,
    0x0, 0xb9, 0xbb, 0xb6, 0x50, 0xe9, 0xf9, 0xe9,
    0xd7, 0xb7, 0xbc, 0xf2, 0xb5, 0xaf, 0xb0, 0x0,
    0x0, 0x0, 0x0, 0x0, 0x0, 0xa, 0x9, 0x99,
    0x99, 0x9, 0x3d, 0x8c, 0x6c, 0x86, 0xb7, 0x99,
    0x27, 0xc6, 0x99, 0x0, 0x0, 0x0, 0x0, 0x0,
    0x0, 0x0, 0x0, 0x0, 0x0, 0x0, 0x0, 0x0,
    0x0, 0x0, 0x0, 0x0, 0x0, 0x0, 0x0, 0x0,
    0x0, 0x0, 0x0, 0x0, 0xa, 0xba, 0xaa, 0xbb,
    0xb9, 0x57, 0xac, 0xbc, 0x8d, 0x9c, 0x7d, 0x7a,
    0xad, 0xac, 0x16, 0xd6, 0xd7, 0xbc, 0x10, 0x0,
    0x0, 0x9f, 0xcb, 0xfa, 0xdf, 0x85, 0xfa, 0xd6,
    0xea, 0xea, 0xbb, 0x4b, 0xfc, 0xb4, 0xd2, 0xb3,
    0xa4, 0xce, 0xe1, 0x0, 0x0, 0x5, 0xa8, 0x7a,
    0x69, 0xa6, 0x87, 0x89, 0x39, 0x4d, 0x93, 0x5b,
    0x48, 0xa9, 0x4c, 0x76, 0xd4, 0xb5, 0x89, 0x10,

    /* U+0037 "7" */
    0x0, 0x0, 0x0, 0x0, 0x0, 0x0, 0x0, 0x0,
    0x0, 0x2, 0x22, 0x10, 0x0, 0x0, 0x0, 0x0,
    0x0, 0x0, 0x0, 0x0, 0x0, 0x0, 0x0, 0x0,
    0x0, 0x0, 0x0, 0x2, 0x7b, 0xef, 0xff, 0xff,
    0xfd, 0x95, 0x0, 0x0, 0x0, 0x0, 0x0, 0x0,
    0x0, 0x0, 0x0, 0x0, 0x0, 0x0, 0x0, 0x6c,
    0xff, 0xff, 0xff, 0xff, 0xff, 0xff, 0xff, 0x92,
    0x0, 0x0, 0x0, 0x0, 0x0, 0x0, 0x0, 0x0,
    0x0, 0x0, 0x4, 0xef, 0xff, 0xff, 0xff, 0xff,
    0xff, 0xff, 0xff, 0xff, 0xfa, 0x10, 0x0, 0x0,
    0x0, 0x0, 0x0, 0x0, 0x0, 0x0, 0x9, 0xff,
    0xff, 0xff, 0xff, 0xff, 0xff, 0xff, 0xff, 0xff,
    0xff, 0xfe, 0x50, 0x0, 0x0, 0x0, 0x0, 0x0,
    0x0, 0x0, 0x1d, 0xff, 0xff, 0xff, 0xff, 0xff,
    0xff, 0xff, 0xff, 0xff, 0xff, 0xff, 0xff, 0x80,
    0x0, 0x0, 0x0, 0x0, 0x0, 0x0, 0x2e, 0xff,
    0xff, 0xff, 0xff, 0xff, 0xff, 0xff, 0xff, 0xff,
    0xff, 0xff, 0xff, 0xff, 0x90, 0x0, 0x0, 0x0,
    0x0, 0x0, 0x1d, 0xff, 0xff, 0xff, 0xff, 0xff,
    0xff, 0xff, 0xff, 0xff, 0xff, 0xff, 0xff, 0xff,
    0xff, 0x80, 0x0, 0x0, 0x0, 0x0, 0xb, 0xff,
    0xff, 0xff, 0xff, 0xff, 0xff, 0xff, 0xff, 0xff,
    0xff, 0xff, 0xff, 0xff, 0xff, 0xff, 0x60, 0x0,
    0x0, 0x0, 0x7, 0xff, 0xff, 0xff, 0xff, 0xff,
    0xff, 0xff, 0xff, 0xff, 0xff, 0xff, 0xff, 0xff,
    0xff, 0xff, 0xff, 0x20, 0x0, 0x0, 0x2, 0xff,
    0xff, 0xff, 0xff, 0xff, 0xff, 0xff, 0xff, 0xff,
    0xff, 0xff, 0xff, 0xff, 0xff, 0xff, 0xff, 0xfb,
    0x0, 0x0, 0x0, 0xbf, 0xff, 0xff, 0xff, 0xff,
    0xff, 0xff, 0xff, 0xff, 0xff, 0xff, 0xff, 0xff,
    0xee, 0x98, 0x88, 0x8a, 0xf3, 0x0, 0x0, 0x3f,
    0xff, 0x30, 0x0, 0x0, 0xff, 0xfb, 0x0, 0x0,
    0x7, 0xff, 0x40, 0x0, 0x0, 0x0, 0x0, 0x0,
    0x8f, 0xb0, 0x0, 0x9, 0xff, 0xe0, 0x0, 0x0,
    0xf, 0xff, 0xb0, 0x0, 0x0, 0x7f, 0xf0, 0x0,
    0x0, 0x0, 0x0, 0x0, 0xc, 0xff, 0x20, 0x0,
    0xff, 0xfa, 0x0, 0x0, 0x0, 0xef, 0xfb, 0x0,
    0x0, 0x7, 0xfa, 0x0, 0x0, 0x0, 0x0, 0x0,
    0x1, 0xff, 0xf9, 0x0, 0x4f, 0xff, 0x60, 0x0,
    0x0, 0xe, 0xff, 0xb0, 0x0, 0x0, 0x7f, 0x50,
    0x0, 0x0, 0x0, 0x0, 0x0, 0x5f, 0xff, 0xd0,
    0x8, 0xff, 0xf2, 0x0, 0x0, 0x0, 0xff, 0xfb,
    0x0, 0x0, 0x7, 0xf1, 0x0, 0x0, 0x0, 0x0,
    0x0, 0x9, 0xff, 0xff, 0x0, 0xbf, 0xfe, 0x10,
    0x0, 0x0, 0xf, 0xff, 0xb0, 0x0, 0x0, 0x7d,
    0x10, 0x0, 0x0, 0x1, 0x11, 0x11, 0xef, 0xff,
    0xf3, 0xd, 0xff, 0xff, 0x30, 0x0, 0x0, 0x33,
    0x32, 0x0, 0x0, 0x7, 0xff, 0x30, 0x0, 0x0,
    0xff, 0xff, 0xff, 0xff, 0xff, 0x50, 0xef, 0xff,
    0xf3, 0x0, 0x0, 0x0, 0x0, 0x0, 0x0, 0x0,
    0x7f, 0xf3, 0x0, 0x0, 0x4, 0x44, 0x44, 0x7f,
    0xff, 0xf6, 0xf, 0xff, 0xff, 0x30, 0x0, 0x0,
    0x0, 0x0, 0x0, 0x0, 0x7, 0xff, 0x30, 0x0,
    0x0, 0x0, 0x0, 0x8, 0xff, 0xff, 0x70, 0xff,
    0xff, 0xf3, 0x0, 0x0, 0x0, 0x0, 0x0, 0x0,
    0x0, 0x7f, 0xf3, 0x0, 0x0, 0x0, 0x0, 0x0,
    0xcf, 0xff, 0xf7, 0xf, 0xff, 0xff, 0x30, 0x0,
    0x0, 0x0, 0x0, 0x0, 0x0, 0x7, 0xff, 0x30,
    0x0, 0x0, 0x0, 0x0, 0x1f, 0xff, 0xff, 0x60,
    0xdf, 0xff, 0xf3, 0x0, 0x0, 0x3, 0x33, 0x20,
    0x0, 0x0, 0x7f, 0xf3, 0x0, 0x0, 0x0, 0x0,
    0x6, 0xff, 0xff, 0xf4, 0xa, 0xff, 0xff, 0x30,
    0x0, 0x0, 0xff, 0xfb, 0x0, 0x0, 0x7, 0xff,
    0x30, 0x0, 0x0, 0xff, 0xff, 0xff, 0xff, 0xff,
    0x10, 0x7f, 0xff, 0xf3, 0x0, 0x0, 0xf, 0xff,
    0xb0, 0x0, 0x0, 0x7f, 0xf3, 0x0, 0x0, 0xf,
    0xff, 0xff, 0xff, 0xff, 0xd0, 0x2, 0xff, 0xff,
    0x30, 0x0, 0x0, 0xff, 0xfb, 0x0, 0x0, 0x7,
    0xff, 0x30, 0x0, 0x0, 0xff, 0xff, 0xff, 0xff,
    0xf8, 0x0, 0xd, 0xff, 0xf3, 0x0, 0x0, 0xf,
    0xff, 0xb0, 0x0, 0x0, 0x7f, 0xf3, 0x0, 0x0,
    0xf, 0xff, 0xff, 0xff, 0xff, 0x20, 0x0, 0x6f,
    0xff, 0x30, 0x0, 0x0, 0xff, 0xfb, 0x0, 0x0,
    0x7, 0xff, 0x30, 0x0, 0x0, 0xff, 0xff, 0xff,
    0xff, 0xc0, 0x0, 0x0, 0xef, 0xf3, 0x0, 0x0,
    0xf, 0xff, 0xb0, 0x0, 0x0, 0x7f, 0xf3, 0x0,
    0x0, 0xf, 0xff, 0xff, 0xff, 0xf3, 0x0, 0x0,
    0x6, 0xff, 0x97, 0x77, 0x77, 0xff, 0xfd, 0x77,
    0x77, 0x7b, 0xff, 0x97, 0x77, 0x77, 0xff, 0xff,
    0xff, 0xfb, 0x0, 0x0, 0x0, 0xc, 0xff, 0xff,
    0xff, 0xff, 0xff, 0xff, 0xff, 0xff, 0xff, 0xff,
    0xff, 0xff, 0xff, 0xff, 0xff, 0xff, 0x20, 0x0,
    0x0, 0x0, 0x2f, 0xff, 0xff, 0xff, 0xff, 0xff,
    0xff, 0xff, 0xff, 0xff, 0xff, 0xff, 0xff, 0xff,
    0xff, 0xff, 0x50, 0x0, 0x0, 0x0, 0x0, 0x4f,
    0xff, 0xff, 0xff, 0xff, 0xff, 0xff, 0xff, 0xff,
    0xff, 0xff, 0xff, 0xff, 0xff, 0xff, 0x90, 0x0,
    0x0, 0x0, 0x0, 0x0, 0x6f, 0xff, 0xff, 0xff,
    0xff, 0xff, 0xff, 0xff, 0xff, 0xff, 0xff, 0xff,
    0xff, 0xff, 0xa0, 0x0, 0x0, 0x0, 0x0, 0x0,
    0x0, 0x5f, 0xff, 0xff, 0xff, 0xff, 0xff, 0xff,
    0xff, 0xff, 0xff, 0xff, 0xff, 0xff, 0x80, 0x0,
    0x0, 0x0, 0x0, 0x0, 0x0, 0x0, 0x2d, 0xff,
    0xff, 0xff, 0xff, 0xff, 0xff, 0xff, 0xff, 0xff,
    0xff, 0xfe, 0x60, 0x0, 0x0, 0x0, 0x0, 0x0,
    0x0, 0x0, 0x0, 0x8, 0xff, 0xff, 0xff, 0xff,
    0xff, 0xff, 0xff, 0xff, 0xff, 0xfa, 0x10, 0x0,
    0x0, 0x0, 0x0, 0x0, 0x0, 0x0, 0x0, 0x0,
    0x1, 0x8f, 0xff, 0xff, 0xff, 0xff, 0xff, 0xff,
    0xff, 0xa3, 0x0, 0x0, 0x0, 0x0, 0x0, 0x0,
    0x0, 0x0, 0x0, 0x0, 0x0, 0x0, 0x5, 0xad,
    0xff, 0xff, 0xff, 0xfe, 0xb6, 0x10, 0x0, 0x0,
    0x0, 0x0, 0x0, 0x0, 0x0, 0x0, 0x0, 0x0,
    0x0, 0x0, 0x0, 0x0, 0x0, 0x23, 0x44, 0x31,
    0x0, 0x0, 0x0, 0x0, 0x0, 0x0, 0x0, 0x0,
    0x0, 0x0, 0x0, 0x0, 0x6, 0x66, 0x67, 0x33,
    0x24, 0x78, 0x68, 0x37, 0x64, 0x85, 0x86, 0x13,
    0x73, 0x56, 0x0, 0x0, 0x0, 0x0, 0x0, 0x0,
    0x0, 0xb9, 0xbb, 0xb6, 0x50, 0xe9, 0xf9, 0xe9,
    0xd7, 0xb7, 0xbc, 0xf2, 0xb5, 0xaf, 0xb0, 0x0,
    0x0, 0x0, 0x0, 0x0, 0x0, 0xa, 0x9, 0x99,
    0x99, 0x9, 0x3d, 0x8c, 0x6c, 0x86, 0xb7, 0x99,
    0x27, 0xc6, 0x99, 0x0, 0x0, 0x0, 0x0, 0x0,
    0x0, 0x0, 0x0, 0x0, 0x0, 0x0, 0x0, 0x0,
    0x0, 0x0, 0x0, 0x0, 0x0, 0x0, 0x0, 0x0,
    0x0, 0x0, 0x0, 0x0, 0xa, 0xba, 0xaa, 0xbb,
    0xb9, 0x57, 0xac, 0xbc, 0x8d, 0x9c, 0x7d, 0x7a,
    0xad, 0xac, 0x16, 0xd6, 0xd7, 0xbc, 0x10, 0x0,
    0x0, 0x9f, 0xcb, 0xfa, 0xdf, 0x85, 0xfa, 0xd6,
    0xea, 0xea, 0xbb, 0x4b, 0xfc, 0xb4, 0xd2, 0xb3,
    0xa4, 0xce, 0xe1, 0x0, 0x0, 0x5, 0xa8, 0x7a,
    0x69, 0xa6, 0x87, 0x89, 0x39, 0x4d, 0x93, 0x5b,
    0x48, 0xa9, 0x4c, 0x76, 0xd4, 0xb5, 0x89, 0x10,

    /* U+0038 "8" */
    0x0, 0x0, 0x0, 0x0, 0x0, 0x0, 0x0, 0x0,
    0x0, 0x2, 0x22, 0x10, 0x0, 0x0, 0x0, 0x0,
    0x0, 0x0, 0x0, 0x0, 0x0, 0x0, 0x0, 0x0,
    0x0, 0x0, 0x0, 0x2, 0x7b, 0xef, 0xff, 0xff,
    0xfd, 0x95, 0x0, 0x0, 0x0, 0x0, 0x0, 0x0,
    0x0, 0x0, 0x0, 0x0, 0x0, 0x0, 0x0, 0x6c,
    0xff, 0xff, 0xff, 0xff, 0xff, 0xff, 0xff, 0x92,
    0x0, 0x0, 0x0, 0x0, 0x0, 0x0, 0x0, 0x0,
    0x0, 0x0, 0x4, 0xef, 0xff, 0xff, 0xff, 0xff,
    0xff, 0xff, 0xff, 0xff, 0xfa, 0x10, 0x0, 0x0,
    0x0, 0x0, 0x0, 0x0, 0x0, 0x0, 0x9, 0xff,
    0xff, 0xff, 0xff, 0xff, 0xff, 0xff, 0xff, 0xff,
    0xff, 0xfe, 0x50, 0x0, 0x0, 0x0, 0x0, 0x0,
    0x0, 0x0, 0x1d, 0xff, 0xff, 0xff, 0xff, 0xff,
    0xff, 0xff, 0xff, 0xff, 0xff, 0xff, 0xff, 0x80,
    0x0, 0x0, 0x0, 0x0, 0x0, 0x0, 0x2e, 0xff,
    0xff, 0xff, 0xff, 0xff, 0xff, 0xff, 0xff, 0xff,
    0xff, 0xff, 0xff, 0xff, 0x90, 0x0, 0x0, 0x0,
    0x0, 0x0, 0x1d, 0xff, 0xff, 0xff, 0xff, 0xff,
    0xff, 0xff, 0xff, 0xff, 0xff, 0xff, 0xff, 0xff,
    0xff, 0x80, 0x0, 0x0, 0x0, 0x0, 0xb, 0xff,
    0xff, 0xff, 0xff, 0xff, 0xff, 0xff, 0xff, 0xff,
    0xff, 0xff, 0xff, 0xff, 0xff, 0xff, 0x60, 0x0,
    0x0, 0x0, 0x7, 0xff, 0xff, 0xff, 0xff, 0xff,
    0xff, 0xff, 0xff, 0xff, 0xff, 0xff, 0xff, 0xff,
    0xff, 0xff, 0xff, 0x20, 0x0, 0x0, 0x2, 0xff,
    0xff, 0xff, 0xff, 0xff, 0xff, 0xff, 0xff, 0xff,
    0xff, 0xff, 0xff, 0xff, 0xff, 0xff, 0xff, 0xfb,
    0x0, 0x0, 0x0, 0xbf, 0xff, 0xff, 0xff, 0xff,
    0xff, 0xff, 0xff, 0xff, 0xff, 0xff, 0xff, 0xff,
    0xee, 0x98, 0x88, 0x8a, 0xf3, 0x0, 0x0, 0x3f,
    0xff, 0x30, 0x0, 0x0, 0xff, 0xfb, 0x0, 0x0,
    0x7, 0xff, 0x40, 0x0, 0x0, 0x0, 0x0, 0x0,
    0x8f, 0xb0, 0x0, 0x9, 0xff, 0xe0, 0x0, 0x0,
    0xf, 0xff, 0xb0, 0x0, 0x0, 0x7f, 0xf0, 0x0,
    0x0, 0x0, 0x0, 0x0, 0xc, 0xff, 0x20, 0x0,
    0xff, 0xfa, 0x0, 0x0, 0x0, 0xef, 0xfb, 0x0,
    0x0, 0x7, 0xfa, 0x0, 0x0, 0x0, 0x0, 0x0,
    0x1, 0xff, 0xf9, 0x0, 0x4f, 0xff, 0x60, 0x0,
    0x0, 0xe, 0xff, 0xb0, 0x0, 0x0, 0x7f, 0x50,
    0x0, 0x0, 0x0, 0x0, 0x0, 0x5f, 0xff, 0xd0,
    0x8, 0xff, 0xf2, 0x0, 0x0, 0x0, 0xff, 0xfb,
    0x0, 0x0, 0x7, 0xf1, 0x0, 0x0, 0x0, 0x0,
    0x0, 0x9, 0xff, 0xff, 0x0, 0xbf, 0xfe, 0x10,
    0x0, 0x0, 0xf, 0xff, 0xb0, 0x0, 0x0, 0x7d,
    0x10, 0x0, 0x0, 0x1, 0x11, 0x11, 0xef, 0xff,
    0xf3, 0xd, 0xff, 0xff, 0x30, 0x0, 0x0, 0x33,
    0x32, 0x0, 0x0, 0x7, 0xff, 0x30, 0x0, 0x0,
    0xff, 0xff, 0xff, 0xff, 0xff, 0x50, 0xef, 0xff,
    0xf3, 0x0, 0x0, 0x0, 0x0, 0x0, 0x0, 0x0,
    0x7f, 0xf3, 0x0, 0x0, 0x4, 0x44, 0x44, 0x7f,
    0xff, 0xf6, 0xf, 0xff, 0xff, 0x30, 0x0, 0x0,
    0x0, 0x0, 0x0, 0x0, 0x7, 0xff, 0x30, 0x0,
    0x0, 0x0, 0x0, 0x8, 0xff, 0xff, 0x70, 0xff,
    0xff, 0xf3, 0x0, 0x0, 0x0, 0x0, 0x0, 0x0,
    0x0, 0x7f, 0xf3, 0x0, 0x0, 0x0, 0x0, 0x0,
    0xcf, 0xff, 0xf7, 0xf, 0xff, 0xff, 0x30, 0x0,
    0x0, 0x0, 0x0, 0x0, 0x0, 0x7, 0xff, 0x30,
    0x0, 0x0, 0x0, 0x0, 0x1f, 0xff, 0xff, 0x60,
    0xdf, 0xff, 0xf3, 0x0, 0x0, 0x3, 0x33, 0x20,
    0x0, 0x0, 0x7f, 0xf3, 0x0, 0x0, 0x0, 0x0,
    0x6, 0xff, 0xff, 0xf4, 0xa, 0xff, 0xff, 0x30,
    0x0, 0x0, 0xff, 0xfb, 0x0, 0x0, 0x7, 0xff,
    0x30, 0x0, 0x0, 0xff, 0xff, 0xff, 0xff, 0xff,
    0x10, 0x7f, 0xff, 0xf3, 0x0, 0x0, 0xf, 0xff,
    0xb0, 0x0, 0x0, 0x7f, 0xf3, 0x0, 0x0, 0xf,
    0xff, 0xff, 0xff, 0xff, 0xd0, 0x2, 0xff, 0xff,
    0x30, 0x0, 0x0, 0xff, 0xfb, 0x0, 0x0, 0x7,
    0xff, 0x30, 0x0, 0x0, 0xff, 0xff, 0xff, 0xff,
    0xf8, 0x0, 0xd, 0xff, 0xf3, 0x0, 0x0, 0xf,
    0xff, 0xb0, 0x0, 0x0, 0x7f, 0xf3, 0x0, 0x0,
    0xf, 0xff, 0xff, 0xff, 0xff, 0x20, 0x0, 0x6f,
    0xff, 0x30, 0x0, 0x0, 0xff, 0xfb, 0x0, 0x0,
    0x7, 0xff, 0x30, 0x0, 0x0, 0xff, 0xff, 0xff,
    0xff, 0xc0, 0x0, 0x0, 0xef, 0xf3, 0x0, 0x0,
    0xf, 0xff, 0xb0, 0x0, 0x0, 0x7f, 0xf3, 0x0,
    0x0, 0xf, 0xff, 0xff, 0xff, 0xf3, 0x0, 0x0,
    0x6, 0xff, 0x97, 0x77, 0x77, 0xff, 0xfd, 0x77,
    0x77, 0x7b, 0xff, 0x97, 0x77, 0x77, 0xff, 0xff,
    0xff, 0xfb, 0x0, 0x0, 0x0, 0xc, 0xff, 0xff,
    0xff, 0xff, 0xff, 0xff, 0xff, 0xff, 0xff, 0xff,
    0xff, 0xff, 0xff, 0xff, 0xff, 0xff, 0x20, 0x0,
    0x0, 0x0, 0x2f, 0xff, 0xff, 0xff, 0xff, 0xff,
    0xff, 0xff, 0xff, 0xff, 0xff, 0xff, 0xff, 0xff,
    0xff, 0xff, 0x50, 0x0, 0x0, 0x0, 0x0, 0x4f,
    0xff, 0xff, 0xff, 0xff, 0xff, 0xff, 0xff, 0xff,
    0xff, 0xff, 0xff, 0xff, 0xff, 0xff, 0x90, 0x0,
    0x0, 0x0, 0x0, 0x0, 0x6f, 0xff, 0xff, 0xff,
    0xff, 0xff, 0xff, 0xff, 0xff, 0xff, 0xff, 0xff,
    0xff, 0xff, 0xa0, 0x0, 0x0, 0x0, 0x0, 0x0,
    0x0, 0x5f, 0xff, 0xff, 0xff, 0xff, 0xff, 0xff,
    0xff, 0xff, 0xff, 0xff, 0xff, 0xff, 0x80, 0x0,
    0x0, 0x0, 0x0, 0x0, 0x0, 0x0, 0x2d, 0xff,
    0xff, 0xff, 0xff, 0xff, 0xff, 0xff, 0xff, 0xff,
    0xff, 0xfe, 0x60, 0x0, 0x0, 0x0, 0x0, 0x0,
    0x0, 0x0, 0x0, 0x8, 0xff, 0xff, 0xff, 0xff,
    0xff, 0xff, 0xff, 0xff, 0xff, 0xfa, 0x10, 0x0,
    0x0, 0x0, 0x0, 0x0, 0x0, 0x0, 0x0, 0x0,
    0x1, 0x8f, 0xff, 0xff, 0xff, 0xff, 0xff, 0xff,
    0xff, 0xa3, 0x0, 0x0, 0x0, 0x0, 0x0, 0x0,
    0x0, 0x0, 0x0, 0x0, 0x0, 0x0, 0x5, 0xad,
    0xff, 0xff, 0xff, 0xfe, 0xb6, 0x10, 0x0, 0x0,
    0x0, 0x0, 0x0, 0x0, 0x0, 0x0, 0x0, 0x0,
    0x0, 0x0, 0x0, 0x0, 0x0, 0x23, 0x44, 0x31,
    0x0, 0x0, 0x0, 0x0, 0x0, 0x0, 0x0, 0x0,
    0x0, 0x0, 0x0, 0x0, 0x6, 0x66, 0x67, 0x33,
    0x24, 0x78, 0x68, 0x37, 0x64, 0x85, 0x86, 0x13,
    0x73, 0x56, 0x0, 0x0, 0x0, 0x0, 0x0, 0x0,
    0x0, 0xb9, 0xbb, 0xb6, 0x50, 0xe9, 0xf9, 0xe9,
    0xd7, 0xb7, 0xbc, 0xf2, 0xb5, 0xaf, 0xb0, 0x0,
    0x0, 0x0, 0x0, 0x0, 0x0, 0xa, 0x9, 0x99,
    0x99, 0x9, 0x3d, 0x8c, 0x6c, 0x86, 0xb7, 0x99,
    0x27, 0xc6, 0x99, 0x0, 0x0, 0x0, 0x0, 0x0,
    0x0, 0x0, 0x0, 0x0, 0x0, 0x0, 0x0, 0x0,
    0x0, 0x0, 0x0, 0x0, 0x0, 0x0, 0x0, 0x0,
    0x0, 0x0, 0x0, 0x0, 0xa, 0xba, 0xaa, 0xbb,
    0xb9, 0x57, 0xac, 0xbc, 0x8d, 0x9c, 0x7d, 0x7a,
    0xad, 0xac, 0x16, 0xd6, 0xd7, 0xbc, 0x10, 0x0,
    0x0, 0x9f, 0xcb, 0xfa, 0xdf, 0x85, 0xfa, 0xd6,
    0xea, 0xea, 0xbb, 0x4b, 0xfc, 0xb4, 0xd2, 0xb3,
    0xa4, 0xce, 0xe1, 0x0, 0x0, 0x5, 0xa8, 0x7a,
    0x69, 0xa6, 0x87, 0x89, 0x39, 0x4d, 0x93, 0x5b,
    0x48, 0xa9, 0x4c, 0x76, 0xd4, 0xb5, 0x89, 0x10,

    /* U+0039 "9" */
    0x0, 0x0, 0x0, 0x0, 0x0, 0x0, 0x0, 0x0,
    0x0, 0x2, 0x22, 0x10, 0x0, 0x0, 0x0, 0x0,
    0x0, 0x0, 0x0, 0x0, 0x0, 0x0, 0x0, 0x0,
    0x0, 0x0, 0x0, 0x2, 0x7b, 0xef, 0xff, 0xff,
    0xfd, 0x95, 0x0, 0x0, 0x0, 0x0, 0x0, 0x0,
    0x0, 0x0, 0x0, 0x0, 0x0, 0x0, 0x0, 0x6c,
    0xff, 0xff, 0xff, 0xff, 0xff, 0xff, 0xff, 0x92,
    0x0, 0x0, 0x0, 0x0, 0x0, 0x0, 0x0, 0x0,
    0x0, 0x0, 0x4, 0xef, 0xff, 0xff, 0xff, 0xff,
    0xff, 0xff, 0xff, 0xff, 0xfa, 0x10, 0x0, 0x0,
    0x0, 0x0, 0x0, 0x0, 0x0, 0x0, 0x9, 0xff,
    0xff, 0xff, 0xff, 0xff, 0xff, 0xff, 0xff, 0xff,
    0xff, 0xfe, 0x50, 0x0, 0x0, 0x0, 0x0, 0x0,
    0x0, 0x0, 0x1d, 0xff, 0xff, 0xff, 0xff, 0xff,
    0xff, 0xff, 0xff, 0xff, 0xff, 0xff, 0xff, 0x80,
    0x0, 0x0, 0x0, 0x0, 0x0, 0x0, 0x2e, 0xff,
    0xff, 0xff, 0xff, 0xff, 0xff, 0xff, 0xff, 0xff,
    0xff, 0xff, 0xff, 0xff, 0x90, 0x0, 0x0, 0x0,
    0x0, 0x0, 0x1d, 0xff, 0xff, 0xff, 0xff, 0xff,
    0xff, 0xff, 0xff, 0xff, 0xff, 0xff, 0xff, 0xff,
    0xff, 0x80, 0x0, 0x0, 0x0, 0x0, 0xb, 0xff,
    0xff, 0xff, 0xff, 0xff, 0xff, 0xff, 0xff, 0xff,
    0xff, 0xff, 0xff, 0xff, 0xff, 0xff, 0x60, 0x0,
    0x0, 0x0, 0x7, 0xff, 0xff, 0xff, 0xff, 0xff,
    0xff, 0xff, 0xff, 0xff, 0xff, 0xff, 0xff, 0xff,
    0xff, 0xff, 0xff, 0x20, 0x0, 0x0, 0x2, 0xff,
    0xff, 0xff, 0xff, 0xff, 0xff, 0xff, 0xff, 0xff,
    0xff, 0xff, 0xff, 0xff, 0xff, 0xff, 0xff, 0xfb,
    0x0, 0x0, 0x0, 0xbf, 0xff, 0xff, 0xff, 0xff,
    0xff, 0xff, 0xff, 0xff, 0xff, 0xff, 0xff, 0xff,
    0xee, 0x98, 0x88, 0x8a, 0xf3, 0x0, 0x0, 0x3f,
    0xff, 0x30, 0x0, 0x0, 0xff, 0xfb, 0x0, 0x0,
    0x7, 0xff, 0x40, 0x0, 0x0, 0x0, 0x0, 0x0,
    0x8f, 0xb0, 0x0, 0x9, 0xff, 0xe0, 0x0, 0x0,
    0xf, 0xff, 0xb0, 0x0, 0x0, 0x7f, 0xf0, 0x0,
    0x0, 0x0, 0x0, 0x0, 0xc, 0xff, 0x20, 0x0,
    0xff, 0xfa, 0x0, 0x0, 0x0, 0xef, 0xfb, 0x0,
    0x0, 0x7, 0xfa, 0x0, 0x0, 0x0, 0x0, 0x0,
    0x1, 0xff, 0xf9, 0x0, 0x4f, 0xff, 0x60, 0x0,
    0x0, 0xe, 0xff, 0xb0, 0x0, 0x0, 0x7f, 0x50,
    0x0, 0x0, 0x0, 0x0, 0x0, 0x5f, 0xff, 0xd0,
    0x8, 0xff, 0xf2, 0x0, 0x0, 0x0, 0xff, 0xfb,
    0x0, 0x0, 0x7, 0xf1, 0x0, 0x0, 0x0, 0x0,
    0x0, 0x9, 0xff, 0xff, 0x0, 0xbf, 0xfe, 0x10,
    0x0, 0x0, 0xf, 0xff, 0xb0, 0x0, 0x0, 0x7d,
    0x10, 0x0, 0x0, 0x1, 0x11, 0x11, 0xef, 0xff,
    0xf3, 0xd, 0xff, 0xff, 0x30, 0x0, 0x0, 0x33,
    0x32, 0x0, 0x0, 0x7, 0xff, 0x30, 0x0, 0x0,
    0xff, 0xff, 0xff, 0xff, 0xff, 0x50, 0xef, 0xff,
    0xf3, 0x0, 0x0, 0x0, 0x0, 0x0, 0x0, 0x0,
    0x7f, 0xf3, 0x0, 0x0, 0x4, 0x44, 0x44, 0x7f,
    0xff, 0xf6, 0xf, 0xff, 0xff, 0x30, 0x0, 0x0,
    0x0, 0x0, 0x0, 0x0, 0x7, 0xff, 0x30, 0x0,
    0x0, 0x0, 0x0, 0x8, 0xff, 0xff, 0x70, 0xff,
    0xff, 0xf3, 0x0, 0x0, 0x0, 0x0, 0x0, 0x0,
    0x0, 0x7f, 0xf3, 0x0, 0x0, 0x0, 0x0, 0x0,
    0xcf, 0xff, 0xf7, 0xf, 0xff, 0xff, 0x30, 0x0,
    0x0, 0x0, 0x0, 0x0, 0x0, 0x7, 0xff, 0x30,
    0x0, 0x0, 0x0, 0x0, 0x1f, 0xff, 0xff, 0x60,
    0xdf, 0xff, 0xf3, 0x0, 0x0, 0x3, 0x33, 0x20,
    0x0, 0x0, 0x7f, 0xf3, 0x0, 0x0, 0x0, 0x0,
    0x6, 0xff, 0xff, 0xf4, 0xa, 0xff, 0xff, 0x30,
    0x0, 0x0, 0xff, 0xfb, 0x0, 0x0, 0x7, 0xff,
    0x30, 0x0, 0x0, 0xff, 0xff, 0xff, 0xff, 0xff,
    0x10, 0x7f, 0xff, 0xf3, 0x0, 0x0, 0xf, 0xff,
    0xb0, 0x0, 0x0, 0x7f, 0xf3, 0x0, 0x0, 0xf,
    0xff, 0xff, 0xff, 0xff, 0xd0, 0x2, 0xff, 0xff,
    0x30, 0x0, 0x0, 0xff, 0xfb, 0x0, 0x0, 0x7,
    0xff, 0x30, 0x0, 0x0, 0xff, 0xff, 0xff, 0xff,
    0xf8, 0x0, 0xd, 0xff, 0xf3, 0x0, 0x0, 0xf,
    0xff, 0xb0, 0x0, 0x0, 0x7f, 0xf3, 0x0, 0x0,
    0xf, 0xff, 0xff, 0xff, 0xff, 0x20, 0x0, 0x6f,
    0xff, 0x30, 0x0, 0x0, 0xff, 0xfb, 0x0, 0x0,
    0x7, 0xff, 0x30, 0x0, 0x0, 0xff, 0xff, 0xff,
    0xff, 0xc0, 0x0, 0x0, 0xef, 0xf3, 0x0, 0x0,
    0xf, 0xff, 0xb0, 0x0, 0x0, 0x7f, 0xf3, 0x0,
    0x0, 0xf, 0xff, 0xff, 0xff, 0xf3, 0x0, 0x0,
    0x6, 0xff, 0x97, 0x77, 0x77, 0xff, 0xfd, 0x77,
    0x77, 0x7b, 0xff, 0x97, 0x77, 0x77, 0xff, 0xff,
    0xff, 0xfb, 0x0, 0x0, 0x0, 0xc, 0xff, 0xff,
    0xff, 0xff, 0xff, 0xff, 0xff, 0xff, 0xff, 0xff,
    0xff, 0xff, 0xff, 0xff, 0xff, 0xff, 0x20, 0x0,
    0x0, 0x0, 0x2f, 0xff, 0xff, 0xff, 0xff, 0xff,
    0xff, 0xff, 0xff, 0xff, 0xff, 0xff, 0xff, 0xff,
    0xff, 0xff, 0x50, 0x0, 0x0, 0x0, 0x0, 0x4f,
    0xff, 0xff, 0xff, 0xff, 0xff, 0xff, 0xff, 0xff,
    0xff, 0xff, 0xff, 0xff, 0xff, 0xff, 0x90, 0x0,
    0x0, 0x0, 0x0, 0x0, 0x6f, 0xff, 0xff, 0xff,
    0xff, 0xff, 0xff, 0xff, 0xff, 0xff, 0xff, 0xff,
    0xff, 0xff, 0xa0, 0x0, 0x0, 0x0, 0x0, 0x0,
    0x0, 0x5f, 0xff, 0xff, 0xff, 0xff, 0xff, 0xff,
    0xff, 0xff, 0xff, 0xff, 0xff, 0xff, 0x80, 0x0,
    0x0, 0x0, 0x0, 0x0, 0x0, 0x0, 0x2d, 0xff,
    0xff, 0xff, 0xff, 0xff, 0xff, 0xff, 0xff, 0xff,
    0xff, 0xfe, 0x60, 0x0, 0x0, 0x0, 0x0, 0x0,
    0x0, 0x0, 0x0, 0x8, 0xff, 0xff, 0xff, 0xff,
    0xff, 0xff, 0xff, 0xff, 0xff, 0xfa, 0x10, 0x0,
    0x0, 0x0, 0x0, 0x0, 0x0, 0x0, 0x0, 0x0,
    0x1, 0x8f, 0xff, 0xff, 0xff, 0xff, 0xff, 0xff,
    0xff, 0xa3, 0x0, 0x0, 0x0, 0x0, 0x0, 0x0,
    0x0, 0x0, 0x0, 0x0, 0x0, 0x0, 0x5, 0xad,
    0xff, 0xff, 0xff, 0xfe, 0xb6, 0x10, 0x0, 0x0,
    0x0, 0x0, 0x0, 0x0, 0x0, 0x0, 0x0, 0x0,
    0x0, 0x0, 0x0, 0x0, 0x0, 0x23, 0x44, 0x31,
    0x0, 0x0, 0x0, 0x0, 0x0, 0x0, 0x0, 0x0,
    0x0, 0x0, 0x0, 0x0, 0x6, 0x66, 0x67, 0x33,
    0x24, 0x78, 0x68, 0x37, 0x64, 0x85, 0x86, 0x13,
    0x73, 0x56, 0x0, 0x0, 0x0, 0x0, 0x0, 0x0,
    0x0, 0xb9, 0xbb, 0xb6, 0x50, 0xe9, 0xf9, 0xe9,
    0xd7, 0xb7, 0xbc, 0xf2, 0xb5, 0xaf, 0xb0, 0x0,
    0x0, 0x0, 0x0, 0x0, 0x0, 0xa, 0x9, 0x99,
    0x99, 0x9, 0x3d, 0x8c, 0x6c, 0x86, 0xb7, 0x99,
    0x27, 0xc6, 0x99, 0x0, 0x0, 0x0, 0x0, 0x0,
    0x0, 0x0, 0x0, 0x0, 0x0, 0x0, 0x0, 0x0,
    0x0, 0x0, 0x0, 0x0, 0x0, 0x0, 0x0, 0x0,
    0x0, 0x0, 0x0, 0x0, 0xa, 0xba, 0xaa, 0xbb,
    0xb9, 0x57, 0xac, 0xbc, 0x8d, 0x9c, 0x7d, 0x7a,
    0xad, 0xac, 0x16, 0xd6, 0xd7, 0xbc, 0x10, 0x0,
    0x0, 0x9f, 0xcb, 0xfa, 0xdf, 0x85, 0xfa, 0xd6,
    0xea, 0xea, 0xbb, 0x4b, 0xfc, 0xb4, 0xd2, 0xb3,
    0xa4, 0xce, 0xe1, 0x0, 0x0, 0x5, 0xa8, 0x7a,
    0x69, 0xa6, 0x87, 0x89, 0x39, 0x4d, 0x93, 0x5b,
    0x48, 0xa9, 0x4c, 0x76, 0xd4, 0xb5, 0x89, 0x10,

    /* U+003A ":" */
    0x1, 0x11, 0x8, 0xff, 0xf2, 0x8f, 0xff, 0x28,
    0xff, 0xf2, 0x8f, 0xff, 0x20, 0x0, 0x0, 0x0,
    0x0, 0x0, 0x0, 0x0, 0x0, 0x0, 0x0, 0x0,
    0x0, 0x0, 0x0, 0x0, 0x0, 0x0, 0x0, 0x0,
    0x0, 0x0, 0x0, 0x0, 0x0, 0x0, 0x0, 0x0,
    0x0, 0x0, 0x0, 0x0, 0x0, 0x1, 0x11, 0x8,
    0xff, 0xf2, 0x8f, 0xff, 0x28, 0xff, 0xf2, 0x8f,
    0xff, 0x20,

    /* U+003B ";" */
    0x11, 0x10, 0xff, 0xfa, 0xff, 0xfa, 0xff, 0xfa,
    0xff, 0xfa, 0x0, 0x0, 0x0, 0x0, 0x0, 0x0,
    0x0, 0x0, 0x0, 0x0, 0x0, 0x0, 0x0, 0x0,
    0x0, 0x0, 0x0, 0x0, 0x0, 0x0, 0x0, 0x0,
    0x0, 0x0, 0x0, 0x0, 0x11, 0x10, 0xff, 0xfa,
    0xff, 0xfa, 0xff, 0xf9, 0xff, 0xf9, 0x1, 0xf8,
    0x3, 0xf6, 0x7, 0xf3, 0x2e, 0xd0, 0xff, 0x30,
    0xb2, 0x0,

    /* U+003C "<" */
    0x6, 0xff, 0xff, 0xff, 0xff, 0xff, 0xff, 0xf5,
    0x0, 0x6f, 0xff, 0xff, 0xff, 0xff, 0xff, 0xff,
    0x50, 0x5, 0xff, 0xff, 0xff, 0xff, 0xff, 0xff,
    0xf5, 0x0, 0x13, 0x33, 0x37, 0xff, 0xf6, 0x33,
    0x33, 0x10, 0x0, 0x0, 0x0, 0x5f, 0xff, 0x30,
    0x0, 0x0, 0x0, 0x0, 0x0, 0x5, 0xff, 0xf3,
    0x0, 0x0, 0x0, 0x0, 0x0, 0x0, 0x5f, 0xff,
    0x30, 0x0, 0x0, 0x0, 0x0, 0x0, 0x5, 0xff,
    0xf3, 0x0, 0x0, 0x0, 0x0, 0x0, 0x0, 0x5f,
    0xff, 0x30, 0x0, 0x0, 0x0, 0x0, 0x0, 0x5,
    0xff, 0xf3, 0x0, 0x0, 0x0, 0x0, 0x0, 0x0,
    0x5f, 0xff, 0x30, 0x0, 0x0, 0x0, 0x0, 0x0,
    0x5, 0xff, 0xf3, 0x0, 0x0, 0x0, 0x0, 0x0,
    0x0, 0x5f, 0xff, 0x30, 0x0, 0x0, 0x0, 0x0,
    0x0, 0x5, 0xff, 0xf3, 0x0, 0x0, 0x0, 0x0,
    0x0, 0x0, 0x4e, 0xee, 0x30, 0x0, 0x0, 0x0,
    0x0, 0x0, 0x0, 0x0, 0x0, 0x0, 0x0, 0x0,
    0x0, 0x0, 0x5, 0xbe, 0xfe, 0xa5, 0x0, 0x0,
    0x0, 0x0, 0x2d, 0xff, 0xff, 0xff, 0xfd, 0x20,
    0x0, 0x0, 0x2e, 0xff, 0xff, 0xdf, 0xff, 0xfe,
    0x20, 0x0, 0xd, 0xff, 0xe6, 0x0, 0x4, 0xdf,
    0xfd, 0x0, 0x5, 0xff, 0xf2, 0x0, 0x0, 0x0,
    0xcf, 0xf7, 0x0, 0xbf, 0xf7, 0x0, 0x0, 0x0,
    0x2, 0xff, 0xd0, 0xf, 0xff, 0x0, 0x0, 0x0,
    0x0, 0xd, 0xff, 0x10, 0xff, 0xf0, 0x0, 0x0,
    0x0, 0x0, 0xbf, 0xf3, 0xf, 0xff, 0x10, 0x0,
    0x0, 0x0, 0xd, 0xff, 0x20, 0xdf, 0xf7, 0x0,
    0x0, 0x0, 0x2, 0xff, 0xf0, 0x8, 0xff, 0xf3,
    0x0, 0x0, 0x0, 0xcf, 0xfb, 0x0, 0x1e, 0xff,
    0xf7, 0x10, 0x5, 0xdf, 0xff, 0x30, 0x0, 0x4f,
    0xff, 0xff, 0xff, 0xff, 0xff, 0x70, 0x0, 0x0,
    0x3d, 0xff, 0xff, 0xff, 0xff, 0x60, 0x0, 0x0,
    0x0, 0x6, 0xbe, 0xfe, 0xc8, 0x10, 0x0, 0x0,

    /* U+003D "=" */
    0x6d, 0xdd, 0xdd, 0xdd, 0xdd, 0xdd, 0xdd, 0xdd,
    0xd8, 0xff, 0xff, 0xff, 0xff, 0xff, 0xff, 0xff,
    0xff, 0x8f, 0xff, 0xff, 0xff, 0xff, 0xff, 0xff,
    0xff, 0xf0, 0x0, 0x0, 0x0, 0x0, 0x0, 0x0,
    0x0, 0x0, 0x0, 0x0, 0x0, 0x0, 0x0, 0x0,
    0x0, 0x0, 0x0, 0x0, 0x0, 0x0, 0x0, 0x0,
    0x0, 0x0, 0x0, 0x0, 0x0, 0x0, 0x0, 0x0,
    0x0, 0x0, 0x0, 0x0, 0x0, 0x0, 0x0, 0x0,
    0x0, 0x0, 0x0, 0x0, 0x6d, 0xdd, 0xdd, 0xdd,
    0xdd, 0xdd, 0xdd, 0xdd, 0xd8, 0xff, 0xff, 0xff,
    0xff, 0xff, 0xff, 0xff, 0xff, 0x8f, 0xff, 0xff,
    0xff, 0xff, 0xff, 0xff, 0xff, 0xf0,

    /* U+003E ">" */
    0x0, 0x0, 0x17, 0xce, 0xfd, 0xa4, 0x0, 0x0,
    0x0, 0x5, 0xff, 0xff, 0xff, 0xff, 0xb1, 0x0,
    0x0, 0x5f, 0xff, 0xfd, 0xce, 0xff, 0xfd, 0x10,
    0x1, 0xff, 0xfc, 0x20, 0x0, 0x5e, 0xff, 0xa0,
    0x8, 0xff, 0xc0, 0x0, 0x0, 0x2, 0xff, 0xf2,
    0xd, 0xff, 0x20, 0x0, 0x0, 0x0, 0x6f, 0xf7,
    0xf, 0xfe, 0x0, 0x0, 0x0, 0x0, 0x2f, 0xfa,
    0xf, 0xfe, 0x0, 0x0, 0x0, 0x0, 0x3f, 0xfa,
    0xe, 0xff, 0x40, 0x0, 0x0, 0x0, 0x8f, 0xf8,
    0x9, 0xff, 0xe1, 0x0, 0x0, 0x4, 0xff, 0xf4,
    0x1, 0xff, 0xfe, 0x61, 0x2, 0x9f, 0xff, 0xc0,
    0x0, 0x4f, 0xff, 0xff, 0xff, 0xff, 0xfe, 0x10,
    0x0, 0x3, 0xdf, 0xff, 0xff, 0xff, 0xb1, 0x0,
    0x0, 0x0, 0x4, 0x8b, 0xba, 0x83, 0x0, 0x0,
    0x0, 0x0, 0x0, 0x0, 0x0, 0x0, 0x0, 0x0,
    0x0, 0x1e, 0xee, 0xee, 0xee, 0xee, 0x50, 0x0,
    0x0, 0x1f, 0xff, 0xff, 0xff, 0xff, 0x50, 0x0,
    0x0, 0x1f, 0xff, 0xff, 0xff, 0xff, 0x50, 0x0,
    0x0, 0x1f, 0xff, 0x0, 0x0, 0x0, 0x0, 0x0,
    0x0, 0x1f, 0xff, 0x66, 0x66, 0x66, 0x66, 0x20,
    0x0, 0x1f, 0xff, 0xff, 0xff, 0xff, 0xff, 0x70,
    0x0, 0x1f, 0xff, 0xff, 0xff, 0xff, 0xff, 0x70,
    0x0, 0x1f, 0xff, 0x0, 0x0, 0x0, 0x0, 0x0,
    0x0, 0x1f, 0xff, 0x0, 0x0, 0x0, 0x0, 0x0,
    0x0, 0x1f, 0xff, 0x0, 0x0, 0x0, 0x0, 0x0,
    0x0, 0x1f, 0xff, 0x0, 0x0, 0x0, 0x0, 0x0,
    0x0, 0x1f, 0xff, 0x0, 0x0, 0x0, 0x0, 0x0,
    0x0, 0x1f, 0xff, 0x0, 0x0, 0x0, 0x0, 0x0,
    0x0, 0x1f, 0xff, 0x0, 0x0, 0x0, 0x0, 0x0,
    0x0, 0x1f, 0xff, 0x0, 0x0, 0x0, 0x0, 0x0,
    0x0, 0x1f, 0xff, 0x0, 0x0, 0x0, 0x0, 0x0,

    /* U+003F "?" */
    0x0, 0x0, 0x4, 0x9b, 0xdc, 0xa6, 0x10, 0x0,
    0x0, 0x0, 0x2c, 0xff, 0xff, 0xff, 0xff, 0x70,
    0x0, 0x0, 0x3f, 0xff, 0xff, 0xff, 0xff, 0xff,
    0xa0, 0x0, 0xe, 0xff, 0xf9, 0x30, 0x4, 0xdf,
    0xff, 0x70, 0x7, 0xff, 0xf7, 0x0, 0x0, 0x1,
    0xef, 0xff, 0x10, 0xdf, 0xfd, 0x0, 0x0, 0x0,
    0x7, 0xff, 0xf5, 0x2f, 0xff, 0x70, 0x0, 0x0,
    0x0, 0x2f, 0xff, 0x94, 0xff, 0xf4, 0x0, 0x0,
    0x0, 0x0, 0xff, 0xfa, 0x6f, 0xff, 0x20, 0x0,
    0x0, 0x0, 0xf, 0xff, 0xa5, 0xdd, 0xd1, 0x0,
    0x0, 0x0, 0x1, 0xff, 0xf9, 0x0, 0x0, 0x0,
    0x0, 0x0, 0x0, 0x5f, 0xff, 0x50, 0x0, 0x0,
    0x0, 0x0, 0x0, 0xc, 0xff, 0xf1, 0x0, 0x0,
    0x0, 0x0, 0x0, 0x6, 0xff, 0xf9, 0x0, 0x0,
    0x0, 0x0, 0x0, 0x2, 0xff, 0xfe, 0x10, 0x0,
    0x0, 0x0, 0x0, 0x1, 0xdf, 0xff, 0x40, 0x0,
    0x0, 0x0, 0x0, 0x0, 0xbf, 0xff, 0x60, 0x0,
    0x0, 0x0, 0x0, 0x0, 0x9f, 0xff, 0x80, 0x0,
    0x0, 0x0, 0x0, 0x0, 0x5f, 0xff, 0xb0, 0x0,
    0x0, 0x0, 0x0, 0x0, 0xe, 0xff, 0xd0, 0x0,
    0x0, 0x0, 0x0, 0x0, 0x6, 0xff, 0xf5, 0x0,
    0x0, 0x0, 0x0, 0x0, 0x0, 0x9f, 0xfe, 0x0,
    0x0, 0x0, 0x0, 0x0, 0x0, 0xc, 0xff, 0xc0,
    0x0, 0x0, 0x0, 0x0, 0x0, 0x0, 0xdf, 0xfb,
    0x0, 0x0, 0x0, 0x0, 0x0, 0x0, 0xd, 0xff,
    0xa0, 0x0, 0x0, 0x0, 0x0, 0x0, 0x0, 0x0,
    0x0, 0x0, 0x0, 0x0, 0x0, 0x0, 0x0, 0x0,
    0x0, 0x0, 0x0, 0x0, 0x0, 0x0, 0x0, 0x0,
    0x1, 0x10, 0x0, 0x0, 0x0, 0x0, 0x0, 0x0,
    0xe, 0xff, 0xc0, 0x0, 0x0, 0x0, 0x0, 0x0,
    0x0, 0xef, 0xfc, 0x0, 0x0, 0x0, 0x0, 0x0,
    0x0, 0xe, 0xff, 0xc0, 0x0, 0x0, 0x0, 0x0,
    0x0, 0x0, 0xef, 0xfc, 0x0, 0x0, 0x0, 0x0,

    /* U+0040 "@" */
    0x0, 0x0, 0x9f, 0xa0, 0x0, 0x0, 0x0, 0xd,
    0xfe, 0x0, 0x0, 0x0, 0x1, 0xff, 0xf2, 0x0,
    0x0, 0x0, 0x5f, 0xff, 0x70, 0x0, 0x0, 0xa,
    0xff, 0xfb, 0x0, 0x0, 0x0, 0xef, 0xdf, 0xf0,
    0x0, 0x0, 0x2f, 0xf5, 0xff, 0x40, 0x0, 0x7,
    0xfd, 0xe, 0xf8, 0x0, 0x0, 0xbf, 0x90, 0xaf,
    0xc0, 0x0, 0xf, 0xfd, 0xbd, 0xff, 0x10, 0x3,
    0xff, 0xff, 0xff, 0xf5, 0x0, 0x8f, 0xd1, 0x11,
    0xef, 0x90, 0xc, 0xff, 0xff, 0xff, 0xfd, 0x0,
    0xff, 0xff, 0xff, 0xff, 0xf2, 0x4f, 0xf1, 0x0,
    0x2, 0xff, 0x64, 0x98, 0x0, 0x0, 0x8, 0x95,
    0x0, 0x0, 0x0, 0x0, 0x0, 0x5, 0xff, 0xff,
    0xff, 0xff, 0xfb, 0x5f, 0xff, 0xff, 0xff, 0xff,
    0xb2, 0x88, 0x8c, 0xff, 0x98, 0x85, 0x0, 0x0,
    0x9f, 0xf2, 0x0, 0x0, 0x0, 0x9, 0xff, 0x20,
    0x0, 0x0, 0x0, 0x9f, 0xf2, 0x0, 0x0, 0x0,
    0x9, 0xff, 0x20, 0x0, 0x0, 0x0, 0x9f, 0xf2,
    0x0, 0x0, 0x0, 0x9, 0xff, 0x20, 0x0, 0x0,
    0x0, 0x9f, 0xf2, 0x0, 0x0, 0x0, 0x9, 0xff,
    0x20, 0x0, 0x0, 0x0, 0x9f, 0xf2, 0x0, 0x0,
    0x0, 0x9, 0xff, 0x20, 0x0, 0x0, 0x0, 0x9f,
    0xf2, 0x0, 0x0,

    /* U+0041 "A" */
    0x0, 0x0, 0x0, 0x0, 0x9f, 0xfd, 0x0, 0x0,
    0x0, 0x0, 0x0, 0x0, 0x0, 0x0, 0xdf, 0xff,
    0x10, 0x0, 0x0, 0x0, 0x0, 0x0, 0x0, 0x1,
    0xff, 0xff, 0x50, 0x0, 0x0, 0x0, 0x0, 0x0,
    0x0, 0x5, 0xff, 0xff, 0x90, 0x0, 0x0, 0x0,
    0x0, 0x0, 0x0, 0x9, 0xff, 0xff, 0xd0, 0x0,
    0x0, 0x0, 0x0, 0x0, 0x0, 0xd, 0xff, 0xff,
    0xf1, 0x0, 0x0, 0x0, 0x0, 0x0, 0x0, 0x1f,
    0xff, 0xff, 0xf5, 0x0, 0x0, 0x0, 0x0, 0x0,
    0x0, 0x5f, 0xff, 0xff, 0xf9, 0x0, 0x0, 0x0,
    0x0, 0x0, 0x0, 0xaf, 0xfb, 0xef, 0xfe, 0x0,
    0x0, 0x0, 0x0, 0x0, 0x0, 0xef, 0xf7, 0xaf,
    0xff, 0x20, 0x0, 0x0, 0x0, 0x0, 0x2, 0xff,
    0xf3, 0x6f, 0xff, 0x60, 0x0, 0x0, 0x0, 0x0,
    0x6, 0xff, 0xf0, 0x2f, 0xff, 0xa0, 0x0, 0x0,
    0x0, 0x0, 0xa, 0xff, 0xc0, 0xe, 0xff, 0xe0,
    0x0, 0x0, 0x0, 0x0, 0xe, 0xff, 0x80, 0xa,
    0xff, 0xf2, 0x0, 0x0, 0x0, 0x0, 0x2f, 0xff,
    0x50, 0x5, 0xff, 0xf6, 0x0, 0x0, 0x0, 0x0,
    0x6f, 0xff, 0x10, 0x1, 0xff, 0xfa, 0x0, 0x0,
    0x0, 0x0, 0xaf, 0xfd, 0x0, 0x0, 0xdf, 0xfe,
    0x0, 0x0, 0x0, 0x0, 0xef, 0xf9, 0x0, 0x0,
    0x9f, 0xff, 0x30, 0x0, 0x0, 0x3, 0xff, 0xf6,
    0x0, 0x0, 0x5f, 0xff, 0x70, 0x0, 0x0, 0x7,
    0xff, 0xf2, 0x0, 0x0, 0x1f, 0xff, 0xb0, 0x0,
    0x0, 0xb, 0xff, 0xff, 0xff, 0xff, 0xff, 0xff,
    0xf0, 0x0, 0x0, 0xf, 0xff, 0xff, 0xff, 0xff,
    0xff, 0xff, 0xf3, 0x0, 0x0, 0x3f, 0xff, 0xff,
    0xff, 0xff, 0xff, 0xff, 0xf7, 0x0, 0x0, 0x7f,
    0xfe, 0x0, 0x0, 0x0, 0x0, 0xff, 0xfc, 0x0,
    0x0, 0xbf, 0xfc, 0x0, 0x0, 0x0, 0x0, 0xdf,
    0xff, 0x0, 0x0, 0xff, 0xff, 0xff, 0xff, 0xff,
    0xff, 0xff, 0xff, 0x40, 0x4, 0xff, 0xff, 0xff,
    0xff, 0xff, 0xff, 0xff, 0xff, 0x80, 0x8, 0xff,
    0xff, 0xff, 0xff, 0xff, 0xff, 0xff, 0xff, 0xc0,
    0xc, 0xff, 0xe0, 0x0, 0x0, 0x0, 0x0, 0xe,
    0xff, 0xf0, 0xf, 0xff, 0xa0, 0x0, 0x0, 0x0,
    0x0, 0x9, 0xff, 0xf4, 0x4f, 0xff, 0x50, 0x0,
    0x0, 0x0, 0x0, 0x3, 0xff, 0xf8,

    /* U+0042 "B" */
    0x8f, 0xff, 0xff, 0xff, 0xfe, 0x91, 0x0, 0x0,
    0x0, 0x0, 0x8f, 0xff, 0xff, 0xff, 0xff, 0xff,
    0x40, 0x0, 0x0, 0x0, 0x8f, 0xff, 0xff, 0xff,
    0xff, 0xff, 0xf4, 0x0, 0x0, 0x0, 0x8f, 0xff,
    0xff, 0xff, 0xff, 0xff, 0xfb, 0x0, 0x0, 0x0,
    0x8f, 0xff, 0x41, 0x11, 0x1a, 0xff, 0xfd, 0x0,
    0x0, 0x0, 0x8f, 0xff, 0x30, 0x0, 0x7, 0xff,
    0xf9, 0x0, 0x0, 0x0, 0x8f, 0xff, 0x30, 0x0,
    0xb, 0xff, 0xf4, 0x0, 0x0, 0x0, 0x8f, 0xff,
    0x30, 0x0, 0x8f, 0xff, 0xe0, 0x0, 0x0, 0x0,
    0x8f, 0xff, 0x30, 0x9, 0xff, 0xff, 0x90, 0x0,
    0x0, 0x0, 0x8f, 0xff, 0x34, 0xdf, 0xff, 0xff,
    0x90, 0x0, 0x0, 0x0, 0x8f, 0xff, 0xdf, 0xff,
    0xff, 0xff, 0xfa, 0x0, 0x0, 0x0, 0x8f, 0xff,
    0xff, 0xff, 0xff, 0xff, 0xff, 0xb0, 0x0, 0x0,
    0x8f, 0xff, 0xff, 0xfc, 0x36, 0xff, 0xff, 0xfb,
    0x0, 0x0, 0x8f, 0xff, 0xff, 0x60, 0x0, 0x2d,
    0xff, 0xff, 0x80, 0x0, 0x8f, 0xff, 0xa1, 0x0,
    0x0, 0x1, 0xdf, 0xff, 0xf4, 0x0, 0x8f, 0xff,
    0x30, 0x0, 0x0, 0x0, 0x2f, 0xff, 0xfd, 0x0,
    0x8f, 0xff, 0x30, 0x0, 0x0, 0x0, 0x5, 0xff,
    0xff, 0x50, 0x8f, 0xff, 0x30, 0x0, 0x0, 0x0,
    0x0, 0xcf, 0xff, 0xb0, 0x8f, 0xff, 0x30, 0x0,
    0x0, 0x0, 0x0, 0x5f, 0xff, 0xf0, 0x8f, 0xff,
    0x30, 0x0, 0x0, 0x0, 0x0, 0xf, 0xff, 0xf1,
    0x8f, 0xff, 0x30, 0x0, 0x0, 0x0, 0x0, 0xc,
    0xff, 0xf3, 0x8f, 0xff, 0x30, 0x0, 0x0, 0x0,
    0x0, 0xb, 0xff, 0xf4, 0x8f, 0xff, 0x30, 0x0,
    0x0, 0x0, 0x0, 0xc, 0xff, 0xf3, 0x8f, 0xff,
    0x30, 0x0, 0x0, 0x0, 0x0, 0x1f, 0xff, 0xf2,
    0x8f, 0xff, 0x30, 0x0, 0x0, 0x0, 0x0, 0x9f,
    0xff, 0xf0, 0x8f, 0xff, 0x30, 0x0, 0x0, 0x0,
    0x5, 0xff, 0xff, 0xa0, 0x8f, 0xff, 0x30, 0x0,
    0x0, 0x0, 0x8f, 0xff, 0xff, 0x20, 0x8f, 0xff,
    0xba, 0xaa, 0xaa, 0xbf, 0xff, 0xff, 0xf7, 0x0,
    0x8f, 0xff, 0xff, 0xff, 0xff, 0xff, 0xff, 0xff,
    0xa0, 0x0, 0x8f, 0xff, 0xff, 0xff, 0xff, 0xff,
    0xff, 0xd5, 0x0, 0x0, 0x8f, 0xff, 0xff, 0xff,
    0xff, 0xfd, 0x93, 0x0, 0x0, 0x0,

    /* U+0043 "C" */
    0x0, 0x0, 0x0, 0x0, 0x27, 0xbd, 0xff, 0xeb,
    0x72, 0x0, 0x0, 0x0, 0x0, 0x2a, 0xff, 0xff,
    0xff, 0xff, 0xff, 0x50, 0x0, 0x0, 0x6, 0xff,
    0xff, 0xff, 0xff, 0xff, 0xff, 0x20, 0x0, 0x0,
    0x8f, 0xff, 0xff, 0xfb, 0x98, 0xae, 0xfd, 0x0,
    0x0, 0x5, 0xff, 0xff, 0xf9, 0x10, 0x0, 0x0,
    0x57, 0x0, 0x0, 0x2f, 0xff, 0xff, 0x40, 0x0,
    0x0, 0x0, 0x0, 0x0, 0x0, 0xaf, 0xff, 0xf4,
    0x0, 0x0, 0x0, 0x0, 0x0, 0x0, 0x2, 0xff,
    0xff, 0x80, 0x0, 0x0, 0x0, 0x0, 0x0, 0x0,
    0x8, 0xff, 0xfe, 0x0, 0x0, 0x0, 0x0, 0x0,
    0x0, 0x0, 0xc, 0xff, 0xf7, 0x0, 0x0, 0x0,
    0x0, 0x0, 0x0, 0x0, 0xf, 0xff, 0xf2, 0x0,
    0x0, 0x0, 0x0, 0x0, 0x0, 0x0, 0x1f, 0xff,
    0xd0, 0x0, 0x0, 0x0, 0x0, 0x0, 0x0, 0x0,
    0x3f, 0xff, 0xb0, 0x0, 0x0, 0x0, 0x0, 0x0,
    0x0, 0x0, 0x3f, 0xff, 0x90, 0x0, 0x0, 0x0,
    0x0, 0x0, 0x0, 0x0, 0x2f, 0xff, 0xb0, 0x0,
    0x0, 0x0, 0x0, 0x0, 0x0, 0x0, 0x1f, 0xff,
    0xd0, 0x0, 0x0, 0x0, 0x0, 0x0, 0x0, 0x0,
    0xf, 0xff, 0xf0, 0x0, 0x0, 0x0, 0x0, 0x0,
    0x0, 0x0, 0xc, 0xff, 0xf4, 0x0, 0x0, 0x0,
    0x0, 0x0, 0x0, 0x0, 0x7, 0xff, 0xf9, 0x0,
    0x0, 0x0, 0x0, 0x0, 0x0, 0x0, 0x2, 0xff,
    0xff, 0x20, 0x0, 0x0, 0x0, 0x0, 0x0, 0x0,
    0x0, 0xbf, 0xff, 0xa0, 0x0, 0x0, 0x0, 0x0,
    0x0, 0x0, 0x0, 0x3f, 0xff, 0xf5, 0x0, 0x0,
    0x0, 0x0, 0x0, 0x0, 0x0, 0x9, 0xff, 0xff,
    0x30, 0x0, 0x0, 0x0, 0x0, 0x0, 0x0, 0x0,
    0xdf, 0xff, 0xf5, 0x0, 0x0, 0x0, 0x0, 0x0,
    0x0, 0x0, 0x2f, 0xff, 0xff, 0x90, 0x0, 0x0,
    0x0, 0x0, 0x0, 0x0, 0x3, 0xff, 0xff, 0xfe,
    0x60, 0x0, 0x0, 0x0, 0x0, 0x0, 0x0, 0x2d,
    0xff, 0xff, 0xfe, 0x93, 0x0, 0x0, 0x0, 0x0,
    0x0, 0x0, 0x9f, 0xff, 0xff, 0xff, 0xeb, 0x83,
    0x0, 0x0, 0x0, 0x0, 0x4, 0xbf, 0xff, 0xff,
    0xff, 0xfb, 0x0, 0x0, 0x0, 0x0, 0x0, 0x3,
    0xaf, 0xff, 0xff, 0xfb, 0x0, 0x0, 0x0, 0x0,
    0x0, 0x0, 0x0, 0x59, 0xbd, 0xfb,

    /* U+0044 "D" */
    0x1, 0x6b, 0xef, 0xfe, 0xb6, 0x0, 0x0, 0x0,
    0x0, 0x5, 0xff, 0xff, 0xff, 0xff, 0xff, 0x70,
    0x0, 0x0, 0x0, 0x8f, 0xff, 0xff, 0xff, 0xff,
    0xff, 0xd3, 0x0, 0x0, 0x8, 0xff, 0xff, 0xff,
    0xff, 0xff, 0xff, 0xf4, 0x0, 0x0, 0x8f, 0xff,
    0xfa, 0x76, 0x7b, 0xff, 0xff, 0xf4, 0x0, 0x8,
    0xff, 0xf5, 0x0, 0x0, 0x2, 0xcf, 0xff, 0xe2,
    0x0, 0x8f, 0xff, 0x50, 0x0, 0x0, 0x0, 0x9f,
    0xff, 0xb0, 0x8, 0xff, 0xf5, 0x0, 0x0, 0x0,
    0x0, 0xaf, 0xff, 0x40, 0x8f, 0xff, 0x50, 0x0,
    0x0, 0x0, 0x1, 0xef, 0xfc, 0x8, 0xff, 0xf5,
    0x0, 0x0, 0x0, 0x0, 0x7, 0xff, 0xf2, 0x8f,
    0xff, 0x50, 0x0, 0x0, 0x0, 0x0, 0x1f, 0xff,
    0x78, 0xff, 0xf5, 0x0, 0x0, 0x0, 0x0, 0x0,
    0xdf, 0xfa, 0x8f, 0xff, 0x50, 0x0, 0x0, 0x0,
    0x0, 0xb, 0xff, 0xb8, 0xff, 0xf5, 0x0, 0x0,
    0x0, 0x0, 0x0, 0xbf, 0xfa, 0x8f, 0xff, 0x50,
    0x0, 0x0, 0x0, 0x0, 0xd, 0xff, 0x98, 0xff,
    0xf5, 0x0, 0x0, 0x0, 0x0, 0x0, 0xef, 0xf9,
    0x8f, 0xff, 0x50, 0x0, 0x0, 0x0, 0x0, 0x2f,
    0xff, 0x68, 0xff, 0xf5, 0x0, 0x0, 0x0, 0x0,
    0x7, 0xff, 0xf3, 0x8f, 0xff, 0x50, 0x0, 0x0,
    0x0, 0x0, 0xdf, 0xff, 0x8, 0xff, 0xf5, 0x0,
    0x0, 0x0, 0x0, 0x5f, 0xff, 0xa0, 0x8f, 0xff,
    0x50, 0x0, 0x0, 0x0, 0xd, 0xff, 0xf5, 0x8,
    0xff, 0xf5, 0x0, 0x0, 0x0, 0x9, 0xff, 0xfc,
    0x0, 0x8f, 0xff, 0x50, 0x0, 0x0, 0x8, 0xff,
    0xff, 0x40, 0x8, 0xff, 0xf5, 0x0, 0x0, 0x8,
    0xff, 0xff, 0x80, 0x0, 0x8f, 0xff, 0x50, 0x0,
    0x2c, 0xff, 0xff, 0xa0, 0x0, 0x8, 0xff, 0xf5,
    0x1, 0x9f, 0xff, 0xff, 0xa0, 0x0, 0x0, 0x8f,
    0xff, 0xac, 0xff, 0xff, 0xff, 0x70, 0x0, 0x0,
    0x8, 0xff, 0xff, 0xff, 0xff, 0xfe, 0x40, 0x0,
    0x0, 0x0, 0x8f, 0xff, 0xff, 0xff, 0xfa, 0x10,
    0x0, 0x0, 0x0, 0x8, 0xff, 0xff, 0xfd, 0x82,
    0x0, 0x0, 0x0, 0x0, 0x0, 0x8e, 0xb8, 0x51,
    0x0, 0x0, 0x0, 0x0, 0x0, 0x0, 0x0,

    /* U+0045 "E" */
    0x8f, 0xff, 0xff, 0xff, 0xff, 0xff, 0xff, 0x0,
    0x0, 0x8, 0xff, 0xff, 0xff, 0xff, 0xff, 0xff,
    0xf0, 0x0, 0x0, 0x8f, 0xff, 0xff, 0xff, 0xff,
    0xff, 0xff, 0x0, 0x0, 0x8, 0xff, 0xfe, 0xdd,
    0xdd, 0xdd, 0xdd, 0xd0, 0x0, 0x0, 0x8f, 0xff,
    0x20, 0x0, 0x0, 0x0, 0x0, 0x0, 0x0, 0x8,
    0xff, 0xf2, 0x0, 0x0, 0x0, 0x0, 0x0, 0x0,
    0x0, 0x8f, 0xff, 0xff, 0xff, 0xff, 0xff, 0xff,
    0xff, 0xff, 0x58, 0xff, 0xff, 0xff, 0xff, 0xff,
    0xff, 0xff, 0xff, 0xf5, 0x8f, 0xff, 0xff, 0xff,
    0xff, 0xff, 0xff, 0xff, 0xff, 0x58, 0xff, 0xf8,
    0x77, 0x77, 0x77, 0x77, 0x77, 0x77, 0x72, 0x8f,
    0xff, 0x20, 0x0, 0x0, 0x0, 0x0, 0x0, 0x0,
    0x8, 0xff, 0xf2, 0x0, 0x0, 0x0, 0x0, 0x0,
    0x0, 0x0, 0x8f, 0xff, 0x20, 0x0, 0x0, 0x0,
    0x0, 0x0, 0x0, 0x8, 0xff, 0xf2, 0x0, 0x0,
    0x0, 0x0, 0x0, 0x0, 0x0, 0x8f, 0xff, 0x20,
    0x0, 0x0, 0x0, 0x0, 0x0, 0x0, 0x8, 0xff,
    0xf2, 0x0, 0x0, 0x0, 0x0, 0x0, 0x0, 0x0,
    0x8f, 0xff, 0x20, 0x0, 0x0, 0x0, 0x0, 0x0,
    0x0, 0x8, 0xff, 0xf2, 0x0, 0x0, 0x0, 0x0,
    0x0, 0x0, 0x0, 0x8f, 0xff, 0x20, 0x0, 0x0,
    0x0, 0x0, 0x0, 0x0, 0x8, 0xff, 0xf2, 0x0,
    0x0, 0x0, 0x0, 0x0, 0x0, 0x0, 0x8f, 0xff,
    0x20, 0x0, 0x0, 0x0, 0x0, 0x0, 0x0, 0x8,
    0xff, 0xf2, 0x0, 0x0, 0x0, 0x0, 0x0, 0x0,
    0x0, 0x8f, 0xff, 0x20, 0x0, 0x0, 0x0, 0x0,
    0x0, 0x0, 0x8, 0xff, 0xf2, 0x0, 0x0, 0x0,
    0x0, 0x0, 0x0, 0x0, 0x8f, 0xff, 0x20, 0x0,
    0x0, 0x0, 0x0, 0x0, 0x0, 0x8, 0xff, 0xf2,
    0x0, 0x0, 0x0, 0x0, 0x0, 0x0, 0x0, 0x8f,
    0xff, 0x20, 0x0, 0x0, 0x0, 0x0, 0x0, 0x0,
    0x8, 0xff, 0xf7, 0x66, 0x66, 0x66, 0x66, 0x66,
    0x20, 0x0, 0x8f, 0xff, 0xff, 0xff, 0xff, 0xff,
    0xff, 0xf7, 0x0, 0x8, 0xff, 0xff, 0xff, 0xff,
    0xff, 0xff, 0xff, 0x70, 0x0, 0x8f, 0xff, 0xff,
    0xff, 0xff, 0xff, 0xff, 0xf7, 0x0, 0x0,

    /* U+0046 "F" */
    0x8f, 0xff, 0xff, 0xff, 0xff, 0xff, 0xff, 0x90,
    0x0, 0x8f, 0xff, 0xff, 0xff, 0xff, 0xff, 0xff,
    0x90, 0x0, 0x8f, 0xff, 0xff, 0xff, 0xff, 0xff,
    0xff, 0x90, 0x0, 0x8f, 0xff, 0xb5, 0x55, 0x55,
    0x55, 0x55, 0x20, 0x0, 0x8f, 0xff, 0x90, 0x0,
    0x0, 0x0, 0x0, 0x0, 0x0, 0x8f, 0xff, 0x90,
    0x0, 0x0, 0x0, 0x0, 0x0, 0x0, 0x8f, 0xff,
    0xff, 0xff, 0xff, 0xff, 0xff, 0xff, 0xfd, 0x8f,
    0xff, 0xff, 0xff, 0xff, 0xff, 0xff, 0xff, 0xfd,
    0x8f, 0xff, 0xff, 0xff, 0xff, 0xff, 0xff, 0xff,
    0xfd, 0x8f, 0xff, 0x90, 0x0, 0x0, 0x0, 0x0,
    0x0, 0x0, 0x8f, 0xff, 0x90, 0x0, 0x0, 0x0,
    0x0, 0x0, 0x0, 0x8f, 0xff, 0x90, 0x0, 0x0,
    0x0, 0x0, 0x0, 0x0, 0x8f, 0xff, 0x90, 0x0,
    0x0, 0x0, 0x0, 0x0, 0x0, 0x8f, 0xff, 0x90,
    0x0, 0x0, 0x0, 0x0, 0x0, 0x0, 0x8f, 0xff,
    0x90, 0x0, 0x0, 0x0, 0x0, 0x0, 0x0, 0x8f,
    0xff, 0x90, 0x0, 0x0, 0x0, 0x0, 0x0, 0x0,
    0x8f, 0xff, 0x90, 0x0, 0x0, 0x0, 0x0, 0x0,
    0x0, 0x8f, 0xff, 0x90, 0x0, 0x0, 0x0, 0x0,
    0x0, 0x0, 0x8f, 0xff, 0x90, 0x0, 0x0, 0x0,
    0x0, 0x0, 0x0, 0x8f, 0xff, 0x90, 0x0, 0x0,
    0x0, 0x0, 0x0, 0x0, 0x8f, 0xff, 0x90, 0x0,
    0x0, 0x0, 0x0, 0x0, 0x0, 0x8f, 0xff, 0x90,
    0x0, 0x0, 0x0, 0x0, 0x0, 0x0, 0x8f, 0xff,
    0x90, 0x0, 0x0, 0x0, 0x0, 0x0, 0x0, 0x8f,
    0xff, 0x90, 0x0, 0x0, 0x0, 0x0, 0x0, 0x0,
    0x8f, 0xff, 0x90, 0x0, 0x0, 0x0, 0x0, 0x0,
    0x0, 0x8f, 0xff, 0x90, 0x0, 0x0, 0x0, 0x0,
    0x0, 0x0, 0x8f, 0xff, 0x90, 0x0, 0x0, 0x0,
    0x0, 0x0, 0x0, 0x8f, 0xff, 0x90, 0x0, 0x0,
    0x0, 0x0, 0x0, 0x0, 0x8f, 0xff, 0x90, 0x0,
    0x0, 0x0, 0x0, 0x0, 0x0, 0x8f, 0xff, 0x90,
    0x0, 0x0, 0x0, 0x0, 0x0, 0x0, 0x8f, 0xff,
    0x90, 0x0, 0x0, 0x0, 0x0, 0x0, 0x0,

    /* U+0047 "G" */
    0x0, 0x0, 0x0, 0x0, 0x48, 0xbd, 0xef, 0xfd,
    0xb6, 0x0, 0x0, 0x0, 0x0, 0x7d, 0xff, 0xff,
    0xff, 0xff, 0xfb, 0x0, 0x0, 0x0, 0x2d, 0xff,
    0xff, 0xff, 0xff, 0xff, 0xfb, 0x0, 0x0, 0x3,
    0xef, 0xff, 0xff, 0xc9, 0x65, 0x67, 0x98, 0x0,
    0x0, 0x1f, 0xff, 0xff, 0xa2, 0x0, 0x0, 0x0,
    0x0, 0x0, 0x0, 0xbf, 0xff, 0xf6, 0x0, 0x0,
    0x0, 0x0, 0x0, 0x0, 0x4, 0xff, 0xff, 0x60,
    0x0, 0x0, 0x0, 0x0, 0xdf, 0xff, 0xa, 0xff,
    0xfc, 0x0, 0x0, 0x0, 0x0, 0x0, 0xdf, 0xff,
    0xf, 0xff, 0xf5, 0x0, 0x0, 0x0, 0x0, 0x0,
    0xdf, 0xff, 0x1f, 0xff, 0xf0, 0x0, 0x0, 0x0,
    0x0, 0x0, 0xdf, 0xff, 0x3f, 0xff, 0xd0, 0x0,
    0x0, 0x0, 0x0, 0x0, 0xdf, 0xff, 0x3f, 0xff,
    0xc0, 0x0, 0x0, 0x0, 0x0, 0x0, 0xdf, 0xff,
    0x3f, 0xff, 0xc0, 0x0, 0x0, 0x0, 0x0, 0x0,
    0xdf, 0xff, 0x2f, 0xff, 0xd0, 0x0, 0x0, 0x0,
    0x0, 0x0, 0xdf, 0xff, 0xf, 0xff, 0xf0, 0x0,
    0x0, 0x0, 0x0, 0x0, 0xdf, 0xff, 0xe, 0xff,
    0xf3, 0x0, 0x0, 0x0, 0x0, 0x0, 0xdf, 0xff,
    0xc, 0xff, 0xf7, 0x0, 0x0, 0x0, 0x0, 0x0,
    0xdf, 0xff, 0x8, 0xff, 0xfd, 0x0, 0x0, 0x0,
    0x0, 0x0, 0xdf, 0xff, 0x4, 0xff, 0xff, 0x30,
    0x0, 0x0, 0x0, 0x0, 0xdf, 0xff, 0x0, 0xef,
    0xff, 0xc0, 0x0, 0x0, 0x0, 0x0, 0xdf, 0xff,
    0x0, 0x7f, 0xff, 0xf7, 0x0, 0x0, 0x0, 0x0,
    0xdf, 0xff, 0x0, 0xe, 0xff, 0xff, 0x50, 0x0,
    0x0, 0x0, 0xdf, 0xff, 0x0, 0x5, 0xff, 0xff,
    0xf5, 0x0, 0x0, 0x0, 0xdf, 0xff, 0x0, 0x0,
    0x9f, 0xff, 0xff, 0x90, 0x0, 0x0, 0xdf, 0xff,
    0x0, 0x0, 0xb, 0xff, 0xff, 0xfe, 0x71, 0x0,
    0xdf, 0xff, 0x0, 0x0, 0x0, 0xaf, 0xff, 0xff,
    0xff, 0xc9, 0xef, 0xff, 0x0, 0x0, 0x0, 0x6,
    0xff, 0xff, 0xff, 0xff, 0xff, 0xff, 0x0, 0x0,
    0x0, 0x0, 0x1a, 0xff, 0xff, 0xff, 0xff, 0xff,
    0x0, 0x0, 0x0, 0x0, 0x0, 0x18, 0xdf, 0xff,
    0xff, 0xff, 0x0, 0x0, 0x0, 0x0, 0x0, 0x0,
    0x2, 0x6b, 0xef, 0xff, 0x0, 0x0, 0x0, 0x0,
    0x0, 0x0, 0x0, 0x0, 0x2, 0x58,

    /* U+0048 "H" */
    0x8f, 0xff, 0x40, 0x0, 0x0, 0x0, 0x9, 0xff,
    0xf8, 0xff, 0xf4, 0x0, 0x0, 0x0, 0x0, 0x9f,
    0xff, 0x8f, 0xff, 0x40, 0x0, 0x0, 0x0, 0x9,
    0xff, 0xf8, 0xff, 0xf4, 0x0, 0x0, 0x0, 0x0,
    0x9f, 0xff, 0x8f, 0xff, 0x40, 0x0, 0x0, 0x0,
    0x9, 0xff, 0xf8, 0xff, 0xf4, 0x0, 0x0, 0x0,
    0x0, 0x9f, 0xff, 0x8f, 0xff, 0xff, 0xff, 0xff,
    0xff, 0xff, 0xff, 0xf8, 0xff, 0xff, 0xff, 0xff,
    0xff, 0xff, 0xff, 0xff, 0x8f, 0xff, 0xff, 0xff,
    0xff, 0xff, 0xff, 0xff, 0xf8, 0xff, 0xf4, 0x0,
    0x0, 0x0, 0x0, 0x9f, 0xff, 0x8f, 0xff, 0xff,
    0xff, 0xff, 0xff, 0xff, 0xff, 0xf8, 0xff, 0xff,
    0xff, 0xff, 0xff, 0xff, 0xff, 0xff, 0x8f, 0xff,
    0xff, 0xff, 0xff, 0xff, 0xff, 0xff, 0xf8, 0xff,
    0xf8, 0x55, 0x55, 0x55, 0x55, 0xbf, 0xff, 0x8f,
    0xff, 0x40, 0x0, 0x0, 0x0, 0x9, 0xff, 0xf8,
    0xff, 0xf4, 0x0, 0x0, 0x0, 0x0, 0x9f, 0xff,
    0x8f, 0xff, 0x40, 0x0, 0x0, 0x0, 0x9, 0xff,
    0xf8, 0xff, 0xf4, 0x0, 0x0, 0x0, 0x0, 0x9f,
    0xff, 0x8f, 0xff, 0x40, 0x0, 0x0, 0x0, 0x9,
    0xff, 0xf8, 0xff, 0xf4, 0x0, 0x0, 0x0, 0x0,
    0x9f, 0xff, 0x8f, 0xff, 0x40, 0x0, 0x0, 0x0,
    0x9, 0xff, 0xf8, 0xff, 0xf4, 0x0, 0x0, 0x0,
    0x0, 0x9f, 0xff, 0x8f, 0xff, 0x40, 0x0, 0x0,
    0x0, 0x9, 0xff, 0xf8, 0xff, 0xf4, 0x0, 0x0,
    0x0, 0x0, 0x9f, 0xff, 0x8f, 0xff, 0x40, 0x0,
    0x0, 0x0, 0x9, 0xff, 0xf8, 0xff, 0xf4, 0x0,
    0x0, 0x0, 0x0, 0x9f, 0xff, 0x8f, 0xff, 0x40,
    0x0, 0x0, 0x0, 0x9, 0xff, 0xf8, 0xff, 0xf4,
    0x0, 0x0, 0x0, 0x0, 0x9f, 0xff, 0x8f, 0xff,
    0x40, 0x0, 0x0, 0x0, 0x9, 0xff, 0xf8, 0xff,
    0xf4, 0x0, 0x0, 0x0, 0x0, 0x9f, 0xff, 0x8f,
    0xff, 0x40, 0x0, 0x0, 0x0, 0x9, 0xff, 0xf0,

    /* U+0049 "I" */
    0x8f, 0xff, 0x38, 0xff, 0xf3, 0x8f, 0xff, 0x38,
    0xff, 0xf3, 0x8f, 0xff, 0x38, 0xff, 0xf3, 0x8f,
    0xff, 0x38, 0xff, 0xf3, 0x8f, 0xff, 0x38, 0xff,
    0xf3, 0x8f, 0xff, 0x38, 0xff, 0xf3, 0x8f, 0xff,
    0x38, 0xff, 0xf3, 0x8f, 0xff, 0x38, 0xff, 0xf3,
    0x8f, 0xff, 0x38, 0xff, 0xf3, 0x8f, 0xff, 0x38,
    0xff, 0xf3, 0x8f, 0xff, 0x38, 0xff, 0xf3, 0x8f,
    0xff, 0x38, 0xff, 0xf3, 0x8f, 0xff, 0x38, 0xff,
    0xf3, 0x8f, 0xff, 0x38, 0xff, 0xf3, 0x8f, 0xff,
    0x38, 0xff, 0xf3, 0x8f, 0xff, 0x30,

    /* U+004A "J" */
    0x0, 0x0, 0x0, 0x0, 0x0, 0xb, 0xff, 0xf5,
    0x0, 0x0, 0x0, 0x0, 0x0, 0xb, 0xff, 0xf5,
    0x0, 0x0, 0x0, 0x0, 0x0, 0xb, 0xff, 0xf5,
    0x0, 0x0, 0x0, 0x0, 0x0, 0xb, 0xff, 0xf5,
    0x0, 0x0, 0x0, 0x0, 0x0, 0xb, 0xff, 0xf5,
    0x0, 0x0, 0x0, 0x0, 0x0, 0xb, 0xff, 0xf5,
    0x0, 0x0, 0x0, 0x0, 0x0, 0xb, 0xff, 0xf5,
    0x0, 0x0, 0x0, 0x0, 0x0, 0xb, 0xff, 0xf5,
    0x0, 0x0, 0x0, 0x0, 0x0, 0xb, 0xff, 0xf5,
    0x0, 0x0, 0x0, 0x0, 0x0, 0xb, 0xff, 0xf5,
    0x0, 0x0, 0x0, 0x0, 0x0, 0xb, 0xff, 0xf5,
    0x0, 0x0, 0x0, 0x0, 0x0, 0xb, 0xff, 0xf5,
    0x0, 0x0, 0x0, 0x0, 0x0, 0xb, 0xff, 0xf5,
    0x0, 0x0, 0x0, 0x0, 0x0, 0xb, 0xff, 0xf5,
    0x0, 0x0, 0x0, 0x0, 0x0, 0xb, 0xff, 0xf5,
    0x0, 0x0, 0x0, 0x0, 0x0, 0xb, 0xff, 0xf5,
    0x0, 0x0, 0x0, 0x0, 0x0, 0xb, 0xff, 0xf5,
    0x0, 0x0, 0x0, 0x0, 0x0, 0xb, 0xff, 0xf5,
    0x0, 0x0, 0x0, 0x0, 0x0, 0xb, 0xff, 0xf5,
    0x0, 0x0, 0x0, 0x0, 0x0, 0xb, 0xff, 0xf5,
    0x0, 0x0, 0x0, 0x0, 0x0, 0xb, 0xff, 0xf5,
    0x0, 0x0, 0x0, 0x0, 0x0, 0xb, 0xff, 0xf5,
    0x0, 0x0, 0x0, 0x0, 0x0, 0xb, 0xff, 0xf5,
    0x0, 0x0, 0x0, 0x0, 0x0, 0xb, 0xff, 0xf4,
    0x0, 0x0, 0x0, 0x0, 0x0, 0xd, 0xff, 0xf3,
    0x0, 0x13, 0x0, 0x0, 0x0, 0x1f, 0xff, 0xf1,
    0x19, 0xfe, 0x10, 0x0, 0x0, 0x9f, 0xff, 0xd0,
    0xaf, 0xff, 0xc2, 0x0, 0x8, 0xff, 0xff, 0x70,
    0x1e, 0xff, 0xff, 0xee, 0xff, 0xff, 0xfd, 0x0,
    0x3, 0xef, 0xff, 0xff, 0xff, 0xff, 0xd1, 0x0,
    0x0, 0x1a, 0xff, 0xff, 0xff, 0xf8, 0x0, 0x0,
    0x0, 0x0, 0x15, 0x67, 0x63, 0x0, 0x0, 0x0,

    /* U+004B "K" */
    0x8f, 0xff, 0xa0, 0x0, 0x0, 0x0, 0x9f, 0xff,
    0x80, 0x0, 0x8, 0xff, 0xfa, 0x0, 0x0, 0x0,
    0xaf, 0xff, 0x90, 0x0, 0x0, 0x8f, 0xff, 0xa0,
    0x0, 0x0, 0xaf, 0xff, 0xb0, 0x0, 0x0, 0x8,
    0xff, 0xfa, 0x0, 0x0, 0xaf, 0xff, 0xc0, 0x0,
    0x0, 0x0, 0x8f, 0xff, 0xa0, 0x0, 0xaf, 0xff,
    0xd1, 0x0, 0x0, 0x0, 0x8, 0xff, 0xfa, 0x0,
    0xbf, 0xff, 0xe2, 0x0, 0x0, 0x0, 0x0, 0x8f,
    0xff, 0xa0, 0xbf, 0xff, 0xf3, 0x0, 0x0, 0x0,
    0x0, 0x8, 0xff, 0xfa, 0xbf, 0xff, 0xf4, 0x0,
    0x0, 0x0, 0x0, 0x0, 0x8f, 0xff, 0xff, 0xff,
    0xff, 0x10, 0x0, 0x0, 0x0, 0x0, 0x8, 0xff,
    0xff, 0xff, 0xff, 0xf8, 0x0, 0x0, 0x0, 0x0,
    0x0, 0x8f, 0xff, 0xff, 0xff, 0xff, 0xe0, 0x0,
    0x0, 0x0, 0x0, 0x8, 0xff, 0xff, 0xb4, 0xff,
    0xff, 0x60, 0x0, 0x0, 0x0, 0x0, 0x8f, 0xff,
    0xb0, 0xc, 0xff, 0xfd, 0x0, 0x0, 0x0, 0x0,
    0x8, 0xff, 0xf7, 0x0, 0x4f, 0xff, 0xf5, 0x0,
    0x0, 0x0, 0x0, 0x8f, 0xff, 0x70, 0x0, 0xcf,
    0xff, 0xc0, 0x0, 0x0, 0x0, 0x8, 0xff, 0xf7,
    0x0, 0x5, 0xff, 0xff, 0x30, 0x0, 0x0, 0x0,
    0x8f, 0xff, 0x70, 0x0, 0xd, 0xff, 0xfb, 0x0,
    0x0, 0x0, 0x8, 0xff, 0xf7, 0x0, 0x0, 0x5f,
    0xff, 0xf2, 0x0, 0x0, 0x0, 0x8f, 0xff, 0x70,
    0x0, 0x0, 0xdf, 0xff, 0x90, 0x0, 0x0, 0x8,
    0xff, 0xf7, 0x0, 0x0, 0x6, 0xff, 0xff, 0x10,
    0x0, 0x0, 0x8f, 0xff, 0x70, 0x0, 0x0, 0xe,
    0xff, 0xf7, 0x0, 0x0, 0x8, 0xff, 0xf7, 0x0,
    0x0, 0x0, 0x6f, 0xff, 0xe0, 0x0, 0x0, 0x8f,
    0xff, 0x70, 0x0, 0x0, 0x0, 0xef, 0xff, 0x60,
    0x0, 0x8, 0xff, 0xf7, 0x0, 0x0, 0x0, 0x7,
    0xff, 0xfd, 0x0, 0x0, 0x8f, 0xff, 0x70, 0x0,
    0x0, 0x0, 0xe, 0xff, 0xf4, 0x0, 0x8, 0xff,
    0xf7, 0x0, 0x0, 0x0, 0x0, 0x8f, 0xff, 0xc0,
    0x0, 0x8f, 0xff, 0x70, 0x0, 0x0, 0x0, 0x1,
    0xff, 0xff, 0x30, 0x8, 0xff, 0xf7, 0x0, 0x0,
    0x0, 0x0, 0x8, 0xff, 0xfa, 0x0, 0x8f, 0xff,
    0x70, 0x0, 0x0, 0x0, 0x0, 0x1f, 0xff, 0xf1,
    0x8, 0xff, 0xf7, 0x0, 0x0, 0x0, 0x0, 0x0,
    0x9f, 0xff, 0x80, 0x8f, 0xff, 0x70, 0x0, 0x0,
    0x0, 0x0, 0x1, 0xff, 0xff, 0x0,

    /* U+004C "L" */
    0x8f, 0xff, 0x60, 0x0, 0x0, 0x0, 0x0, 0x8,
    0xff, 0xf6, 0x0, 0x0, 0x0, 0x0, 0x0, 0x8f,
    0xff, 0x60, 0x0, 0x0, 0x0, 0x0, 0x8, 0xff,
    0xf6, 0x0, 0x0, 0x0, 0x0, 0x0, 0x8f, 0xff,
    0x60, 0x0, 0x0, 0x0, 0x0, 0x8, 0xff, 0xf6,
    0x0, 0x0, 0x0, 0x0, 0x0, 0x8f, 0xff, 0x60,
    0x0, 0x0, 0x0, 0x0, 0x8, 0xff, 0xf6, 0x0,
    0x0, 0x0, 0x0, 0x0, 0x8f, 0xff, 0x60, 0x0,
    0x0, 0x0, 0x0, 0x8, 0xff, 0xf6, 0x0, 0x0,
    0x0, 0x0, 0x0, 0x8f, 0xff, 0x60, 0x0, 0x0,
    0x0, 0x0, 0x8, 0xff, 0xf6, 0x0, 0x0, 0x0,
    0x0, 0x0, 0x8f, 0xff, 0x60, 0x0, 0x0, 0x0,
    0x0, 0x8, 0xff, 0xf6, 0x0, 0x0, 0x0, 0x0,
    0x0, 0x8f, 0xff, 0x60, 0x0, 0x0, 0x0, 0x0,
    0x8, 0xff, 0xf6, 0x0, 0x0, 0x0, 0x0, 0x0,
    0x8f, 0xff, 0x60, 0x0, 0x0, 0x0, 0x0, 0x8,
    0xff, 0xf6, 0x0, 0x0, 0x0, 0x0, 0x0, 0x8f,
    0xff, 0x60, 0x0, 0x0, 0x0, 0x0, 0x8, 0xff,
    0xf6, 0x0, 0x0, 0x0, 0x0, 0x0, 0x8f, 0xff,
    0x60, 0x0, 0x0, 0x0, 0x0, 0x8, 0xff, 0xf6,
    0x0, 0x0, 0x0, 0x0, 0x0, 0x8f, 0xff, 0x60,
    0x0, 0x0, 0x0, 0x0, 0x8, 0xff, 0xf6, 0x0,
    0x0, 0x0, 0x0, 0x0, 0x8f, 0xff, 0x60, 0x0,
    0x0, 0x0, 0x0, 0x8, 0xff, 0xf6, 0x0, 0x0,
    0x0, 0x0, 0x0, 0x8f, 0xff, 0x60, 0x0, 0x0,
    0x0, 0x0, 0x8, 0xff, 0xfa, 0x77, 0x77, 0x77,
    0x77, 0x72, 0x8f, 0xff, 0xff, 0xff, 0xff, 0xff,
    0xff, 0x58, 0xff, 0xff, 0xff, 0xff, 0xff, 0xff,
    0xf5, 0x8f, 0xff, 0xff, 0xff, 0xff, 0xff, 0xff,
    0x50,

    /* U+004D "M" */
    0x8f, 0xff, 0x80, 0x0, 0x0, 0x0, 0x0, 0x0,
    0x2e, 0xff, 0xf0, 0x8f, 0xff, 0xf6, 0x0, 0x0,
    0x0, 0x0, 0x0, 0xdf, 0xff, 0xf0, 0x8f, 0xff,
    0xff, 0x40, 0x0, 0x0, 0x0, 0xa, 0xff, 0xff,
    0xf0, 0x8f, 0xff, 0xff, 0xf2, 0x0, 0x0, 0x0,
    0x7f, 0xff, 0xff, 0xf0, 0x8f, 0xff, 0xff, 0xfe,
    0x10, 0x0, 0x4, 0xff, 0xff, 0xff, 0xf0, 0x8f,
    0xff, 0xff, 0xff, 0xc0, 0x0, 0x2f, 0xff, 0xff,
    0xff, 0xf0, 0x8f, 0xff, 0xff, 0xff, 0xfb, 0x1,
    0xdf, 0xff, 0xff, 0xff, 0xf0, 0x8f, 0xff, 0x9b,
    0xff, 0xff, 0x9b, 0xff, 0xff, 0x8f, 0xff, 0xf0,
    0x8f, 0xff, 0x90, 0xcf, 0xff, 0xff, 0xff, 0xf7,
    0x2f, 0xff, 0xf0, 0x8f, 0xff, 0x90, 0x1d, 0xff,
    0xff, 0xff, 0x80, 0x2f, 0xff, 0xf0, 0x8f, 0xff,
    0x90, 0x2, 0xef, 0xff, 0xf8, 0x0, 0x2f, 0xff,
    0xf0, 0x8f, 0xff, 0x90, 0x0, 0x4f, 0xff, 0x90,
    0x0, 0x2f, 0xff, 0xf0, 0x8f, 0xff, 0x90, 0x0,
    0x5, 0xfa, 0x0, 0x0, 0x2f, 0xff, 0xf0, 0x8f,
    0xff, 0x90, 0x0, 0x0, 0x40, 0x0, 0x0, 0x2f,
    0xff, 0xf0, 0x8f, 0xff, 0x90, 0x0, 0x0, 0x0,
    0x0, 0x0, 0x2f, 0xff, 0xf0, 0x8f, 0xff, 0x90,
    0x0, 0x0, 0x0, 0x0, 0x0, 0x2f, 0xff, 0xf0,
    0x8f, 0xff, 0x90, 0x0, 0x0, 0x0, 0x0, 0x0,
    0x2f, 0xff, 0xf0, 0x8f, 0xff, 0x90, 0x0, 0x0,
    0x0, 0x0, 0x0, 0x2f, 0xff, 0xf0, 0x8f, 0xff,
    0x90, 0x0, 0x0, 0x0, 0x0, 0x0, 0x2f, 0xff,
    0xf0, 0x8f, 0xff, 0x90, 0x0, 0x0, 0x0, 0x0,
    0x0, 0x2f, 0xff, 0xf0, 0x8f, 0xff, 0x90, 0x0,
    0xe, 0xff, 0xe0, 0x0, 0x2f, 0xff, 0xf0, 0x8f,
    0xff, 0x90, 0x0, 0xe, 0xff, 0xe0, 0x0, 0x2f,
    0xff, 0xf0, 0x8f, 0xff, 0x90, 0x0, 0xe, 0xff,
    0xe0, 0x0, 0x2f, 0xff, 0xf0, 0x8f, 0xff, 0x90,
    0x0, 0x2, 0x33, 0x20, 0x0, 0x2f, 0xff, 0xf0,
    0x8f, 0xff, 0x90, 0x0, 0x0, 0x0, 0x0, 0x0,
    0x2f, 0xff, 0xf0, 0x8f, 0xff, 0x90, 0x0, 0x0,
    0x0, 0x0, 0x0, 0x2f, 0xff, 0xf0, 0x8f, 0xff,
    0x90, 0x0, 0x0, 0x0, 0x0, 0x0, 0x2f, 0xff,
    0xf0, 0x8f, 0xff, 0x90, 0x0, 0x3, 0x44, 0x30,
    0x0, 0x2f, 0xff, 0xf0, 0x8f, 0xff, 0x90, 0x0,
    0xe, 0xff, 0xe0, 0x0, 0x2f, 0xff, 0xf0, 0x8f,
    0xff, 0x90, 0x0, 0xe, 0xff, 0xe0, 0x0, 0x2f,
    0xff, 0xf0, 0x8f, 0xff, 0x90, 0x0, 0xe, 0xff,
    0xe0, 0x0, 0x2f, 0xff, 0xf0,

    /* U+004E "N" */
    0x8f, 0xfc, 0x0, 0x0, 0x0, 0x0, 0x2, 0xff,
    0xf4, 0x8f, 0xff, 0x80, 0x0, 0x0, 0x0, 0x2,
    0xff, 0xf4, 0x8f, 0xff, 0xf3, 0x0, 0x0, 0x0,
    0x2, 0xff, 0xf4, 0x8f, 0xff, 0xfd, 0x0, 0x0,
    0x0, 0x2, 0xff, 0xf4, 0x8f, 0xff, 0xff, 0x90,
    0x0, 0x0, 0x2, 0xff, 0xf4, 0x8f, 0xff, 0xff,
    0xf4, 0x0, 0x0, 0x2, 0xff, 0xf4, 0x8f, 0xff,
    0xff, 0xfe, 0x10, 0x0, 0x2, 0xff, 0xf4, 0x8f,
    0xff, 0xff, 0xff, 0xa0, 0x0, 0x2, 0xff, 0xf4,
    0x8f, 0xff, 0xdf, 0xff, 0xf5, 0x0, 0x2, 0xff,
    0xf4, 0x8f, 0xff, 0x5c, 0xff, 0xff, 0x10, 0x2,
    0xff, 0xf4, 0x8f, 0xff, 0x52, 0xff, 0xff, 0xb0,
    0x2, 0xff, 0xf4, 0x8f, 0xff, 0x50, 0x6f, 0xff,
    0xf7, 0x2, 0xff, 0xf4, 0x8f, 0xff, 0x50, 0xa,
    0xff, 0xff, 0x22, 0xff, 0xf4, 0x8f, 0xff, 0x50,
    0x1, 0xef, 0xff, 0xc2, 0xff, 0xf4, 0x8f, 0xff,
    0x50, 0x0, 0x4f, 0xff, 0xfa, 0xff, 0xf4, 0x8f,
    0xff, 0x50, 0x0, 0x8, 0xff, 0xff, 0xff, 0xf4,
    0x8f, 0xff, 0x50, 0x0, 0x0, 0xdf, 0xff, 0xff,
    0xf4, 0x8f, 0xff, 0x50, 0x0, 0x0, 0x2f, 0xff,
    0xff, 0xf4, 0x8f, 0xff, 0x50, 0x0, 0x0, 0x7,
    0xff, 0xff, 0xf4, 0x8f, 0xff, 0x50, 0x0, 0x0,
    0x0, 0xbf, 0xff, 0xf4, 0x8f, 0xff, 0x50, 0x0,
    0x0, 0x0, 0x1e, 0xff, 0xf4, 0x8f, 0xff, 0x50,
    0x0, 0x0, 0x0, 0x5, 0xff, 0xf4, 0x8f, 0xff,
    0x50, 0x0, 0x0, 0x0, 0x2, 0xff, 0xf4, 0x8f,
    0xff, 0x50, 0x0, 0x0, 0x0, 0x2, 0xff, 0xf4,
    0x8f, 0xff, 0x50, 0x0, 0x0, 0x0, 0x2, 0xff,
    0xf4, 0x8f, 0xff, 0x50, 0x0, 0x0, 0x0, 0x2,
    0xff, 0xf4, 0x8f, 0xff, 0x50, 0x0, 0x0, 0x0,
    0x2, 0xff, 0xf4, 0x8f, 0xff, 0x50, 0x0, 0x0,
    0x0, 0x2, 0xff, 0xf4, 0x8f, 0xff, 0x50, 0x0,
    0x0, 0x0, 0x2, 0xff, 0xf4, 0x8f, 0xff, 0x50,
    0x0, 0x0, 0x0, 0x2, 0xff, 0xf4, 0x8f, 0xff,
    0x50, 0x0, 0x0, 0x0, 0x2, 0xff, 0xf4,

    /* U+004F "O" */
    0x0, 0x0, 0x0, 0x5a, 0xdf, 0xed, 0x94, 0x0,
    0x0, 0x0, 0x0, 0x0, 0x4d, 0xff, 0xff, 0xff,
    0xff, 0xc3, 0x0, 0x0, 0x0, 0x7, 0xff, 0xff,
    0xff, 0xff, 0xff, 0xff, 0x60, 0x0, 0x0, 0x5f,
    0xff, 0xff, 0xda, 0x9c, 0xff, 0xff, 0xf5, 0x0,
    0x1, 0xff, 0xff, 0xc3, 0x0, 0x0, 0x2a, 0xff,
    0xff, 0x10, 0x9, 0xff, 0xfb, 0x0, 0x0, 0x0,
    0x0, 0x9f, 0xff, 0x90, 0xf, 0xff, 0xe1, 0x0,
    0x0, 0x0, 0x0, 0xc, 0xff, 0xf0, 0x3f, 0xff,
    0x80, 0x0, 0x0, 0x0, 0x0, 0x5, 0xff, 0xf5,
    0x6f, 0xff, 0x40, 0x0, 0x0, 0x0, 0x0, 0x2,
    0xff, 0xf7, 0x7f, 0xff, 0x40, 0x0, 0x0, 0x0,
    0x0, 0x1, 0xff, 0xf9, 0x6f, 0xff, 0x60, 0x0,
    0x0, 0x0, 0x0, 0x3, 0xff, 0xf8, 0x4f, 0xff,
    0xb0, 0x0, 0x0, 0x0, 0x0, 0x8, 0xff, 0xf6,
    0xf, 0xff, 0xf4, 0x0, 0x0, 0x0, 0x0, 0x2f,
    0xff, 0xf1, 0x9, 0xff, 0xff, 0x40, 0x0, 0x0,
    0x2, 0xdf, 0xff, 0xb0, 0x1, 0xef, 0xff, 0xfa,
    0x30, 0x3, 0x8f, 0xff, 0xff, 0x30, 0x0, 0x3f,
    0xff, 0xff, 0xff, 0xff, 0xff, 0xff, 0xf6, 0x0,
    0x0, 0x3, 0xef, 0xff, 0xff, 0xff, 0xff, 0xff,
    0x60, 0x0, 0x0, 0x0, 0x18, 0xef, 0xff, 0xff,
    0xff, 0xa2, 0x0, 0x0, 0x0, 0x0, 0x0, 0x3,
    0x78, 0x98, 0x51, 0x0, 0x0, 0x0, 0x0, 0x0,
    0x0, 0x0, 0x0, 0x0, 0x0, 0x0, 0x0, 0x0,
    0x0, 0x0, 0x0, 0x0, 0x0, 0x0, 0x0, 0x0,
    0x0, 0x0, 0x0, 0x0, 0x0, 0x0, 0x0, 0x0,
    0x0, 0x0, 0x0, 0x0, 0x0, 0x0, 0x0, 0x0,
    0x0, 0x0, 0x0, 0x0, 0x0, 0x0, 0x0, 0x0,
    0x0, 0x0, 0x0, 0x0, 0x0, 0x0, 0x0, 0x0,
    0x0, 0x0, 0x0, 0x0, 0x0, 0x0, 0x0, 0x0,
    0x0, 0x0, 0x0, 0x0, 0x0, 0x0, 0x0, 0x0,
    0x0, 0x0, 0x0, 0x0, 0x0, 0x0, 0x0, 0x0,
    0x0, 0x0, 0x0, 0x0, 0x0, 0x0, 0x0, 0x0,
    0x0, 0x0, 0xff, 0xff, 0x50, 0x0, 0x0, 0x0,
    0x0, 0x0, 0x0, 0x0, 0xff, 0xff, 0x50, 0x0,
    0x0, 0x0, 0x0, 0x0, 0x0, 0x0, 0xff, 0xff,
    0x50, 0x0, 0x0, 0x0, 0x0, 0x0, 0x0, 0x0,
    0xff, 0xff, 0x50, 0x0, 0x0, 0x0,

    /* U+0050 "P" */
    0x8f, 0xff, 0xff, 0xff, 0xff, 0xc9, 0x40, 0x0,
    0x8, 0xff, 0xff, 0xff, 0xff, 0xff, 0xff, 0xc2,
    0x0, 0x8f, 0xff, 0xff, 0xff, 0xff, 0xff, 0xff,
    0xf3, 0x8, 0xff, 0xfc, 0x99, 0x99, 0xbe, 0xff,
    0xff, 0xe0, 0x8f, 0xff, 0x70, 0x0, 0x0, 0x3,
    0xdf, 0xff, 0x58, 0xff, 0xf7, 0x0, 0x0, 0x0,
    0x4, 0xff, 0xf8, 0x8f, 0xff, 0x70, 0x0, 0x0,
    0x0, 0x3f, 0xff, 0x88, 0xff, 0xf7, 0x0, 0x0,
    0x0, 0x5, 0xff, 0xf6, 0x8f, 0xff, 0x70, 0x0,
    0x0, 0x0, 0xdf, 0xff, 0x38, 0xff, 0xf7, 0x0,
    0x0, 0x0, 0xaf, 0xff, 0xe0, 0x8f, 0xff, 0x70,
    0x0, 0x5, 0xdf, 0xff, 0xf7, 0x8, 0xff, 0xf7,
    0x3, 0x7d, 0xff, 0xff, 0xfc, 0x0, 0x8f, 0xff,
    0xde, 0xff, 0xff, 0xff, 0xfc, 0x10, 0x8, 0xff,
    0xff, 0xff, 0xff, 0xff, 0xd6, 0x0, 0x0, 0x8f,
    0xff, 0xff, 0xff, 0xfb, 0x50, 0x0, 0x0, 0x8,
    0xff, 0xff, 0xfb, 0x61, 0x0, 0x0, 0x0, 0x0,
    0x8f, 0xff, 0x71, 0x0, 0x0, 0x0, 0x0, 0x0,
    0x8, 0xff, 0xf2, 0x0, 0x0, 0x0, 0x0, 0x0,
    0x0, 0x8f, 0xff, 0x20, 0x0, 0x0, 0x0, 0x0,
    0x0, 0x8, 0xff, 0xf2, 0x0, 0x0, 0x0, 0x0,
    0x0, 0x0, 0x8f, 0xff, 0x20, 0x0, 0x0, 0x0,
    0x0, 0x0, 0x8, 0xff, 0xf2, 0x0, 0x0, 0x0,
    0x0, 0x0, 0x0, 0x8f, 0xff, 0x20, 0x0, 0x0,
    0x0, 0x0, 0x0, 0x8, 0xff, 0xf2, 0x0, 0x0,
    0x0, 0x0, 0x0, 0x0, 0x8f, 0xff, 0x20, 0x0,
    0x0, 0x0, 0x0, 0x0, 0x8, 0xff, 0xf2, 0x0,
    0x0, 0x0, 0x0, 0x0, 0x0, 0x8f, 0xff, 0x20,
    0x0, 0x0, 0x0, 0x0, 0x0, 0x8, 0xff, 0xf2,
    0x0, 0x0, 0x0, 0x0, 0x0, 0x0, 0x8f, 0xff,
    0x20, 0x0, 0x0, 0x0, 0x0, 0x0, 0x8, 0xff,
    0xf2, 0x0, 0x0, 0x0, 0x0, 0x0, 0x0, 0x8f,
    0xff, 0x20, 0x0, 0x0, 0x0, 0x0, 0x0, 0x0,

    /* U+0051 "Q" */
    0x0, 0x0, 0x0, 0x4, 0x9d, 0xef, 0xfd, 0x93,
    0x0, 0x0, 0x0, 0x0, 0x0, 0x0, 0x3c, 0xff,
    0xff, 0xff, 0xff, 0xfb, 0x10, 0x0, 0x0, 0x0,
    0x0, 0x5f, 0xff, 0xff, 0xff, 0xff, 0xff, 0xfe,
    0x20, 0x0, 0x0, 0x0, 0x3f, 0xff, 0xff, 0xda,
    0x8a, 0xef, 0xff, 0xfe, 0x10, 0x0, 0x0, 0xd,
    0xff, 0xfc, 0x30, 0x0, 0x0, 0x5f, 0xff, 0xfc,
    0x0, 0x0, 0x6, 0xff, 0xfb, 0x0, 0x0, 0x0,
    0x0, 0x2e, 0xff, 0xf7, 0x0, 0x0, 0xdf, 0xfe,
    0x10, 0x0, 0x0, 0x0, 0x0, 0x4f, 0xff, 0xe0,
    0x0, 0x2f, 0xff, 0x70, 0x0, 0x0, 0x0, 0x0,
    0x0, 0xbf, 0xff, 0x60, 0x7, 0xff, 0xf1, 0x0,
    0x0, 0x0, 0x0, 0x0, 0x3, 0xff, 0xfb, 0x0,
    0xaf, 0xfc, 0x0, 0x0, 0x0, 0x0, 0x0, 0x0,
    0xe, 0xff, 0xf0, 0xc, 0xff, 0x80, 0x0, 0x0,
    0x0, 0x0, 0x0, 0x0, 0xaf, 0xff, 0x30, 0xef,
    0xf6, 0x0, 0x0, 0x0, 0x0, 0x0, 0x0, 0x7,
    0xff, 0xf6, 0xf, 0xff, 0x40, 0x0, 0x0, 0x0,
    0x0, 0x0, 0x0, 0x4f, 0xff, 0x91, 0xff, 0xf3,
    0x0, 0x0, 0x0, 0x0, 0x0, 0x0, 0x2, 0xff,
    0xfa, 0x1f, 0xff, 0x20, 0x0, 0x0, 0x0, 0x0,
    0x0, 0x0, 0x1f, 0xff, 0xb2, 0xff, 0xf2, 0x0,
    0x0, 0x1c, 0xcc, 0x60, 0x0, 0x1, 0xff, 0xfb,
    0x2f, 0xff, 0x30, 0x0, 0x2, 0xff, 0xf9, 0x0,
    0x0, 0x1f, 0xff, 0x91, 0xff, 0xf4, 0x0, 0x0,
    0x2f, 0xff, 0x90, 0x0, 0x3, 0xff, 0xf8, 0xf,
    0xff, 0x70, 0x0, 0x2, 0xff, 0xf9, 0x0, 0x0,
    0x6f, 0xff, 0x60, 0xdf, 0xfb, 0x0, 0x0, 0x2f,
    0xff, 0x90, 0x0, 0x9, 0xff, 0xf3, 0x9, 0xff,
    0xf1, 0x0, 0x2, 0xff, 0xf9, 0x0, 0x0, 0xef,
    0xff, 0x0, 0x5f, 0xff, 0x70, 0x0, 0x2f, 0xff,
    0x90, 0x0, 0x3f, 0xff, 0xc0, 0x0, 0xff, 0xff,
    0x10, 0x2, 0xff, 0xf9, 0x0, 0xa, 0xff, 0xf7,
    0x0, 0x8, 0xff, 0xfa, 0x0, 0x2f, 0xff, 0x90,
    0x3, 0xff, 0xff, 0x10, 0x0, 0x1f, 0xff, 0xf7,
    0x2, 0xff, 0xf9, 0x0, 0xcf, 0xff, 0x90, 0x0,
    0x0, 0x5f, 0xff, 0xf9, 0x3f, 0xff, 0x92, 0xcf,
    0xff, 0xe1, 0x0, 0x0, 0x0, 0x8f, 0xff, 0xff,
    0xff, 0xff, 0xff, 0xff, 0xf3, 0x0, 0x0, 0x0,
    0x0, 0x8f, 0xff, 0xff, 0xff, 0xff, 0xff, 0xe3,
    0x0, 0x0, 0x0, 0x0, 0x0, 0x4e, 0xff, 0xff,
    0xff, 0xff, 0xa1, 0x0, 0x0, 0x0, 0x0, 0x0,
    0x0, 0x7, 0xef, 0xff, 0xfa, 0x20, 0x0, 0x0,
    0x0, 0x0, 0x0, 0x0, 0x0, 0x2, 0xff, 0xf8,
    0x0, 0x0, 0x0, 0x47, 0xa0, 0x0, 0x0, 0x0,
    0x0, 0x2f, 0xff, 0x80, 0x36, 0xad, 0xff, 0xff,
    0x0, 0x0, 0x0, 0x0, 0x2, 0xff, 0xfe, 0xff,
    0xff, 0xff, 0xff, 0xf0, 0x0, 0x0, 0x0, 0x0,
    0x2f, 0xff, 0xff, 0xff, 0xff, 0xff, 0xb7, 0x0,
    0x0, 0x0, 0x0, 0x2, 0xff, 0xff, 0xff, 0xfb,
    0x84, 0x0, 0x0, 0x0, 0x0, 0x0, 0x0, 0x2f,
    0xfd, 0xa6, 0x20, 0x0, 0x0, 0x0, 0x0, 0x0,
    0x0, 0x0, 0x0, 0x51, 0x0, 0x0, 0x0, 0x0,
    0x0, 0x0,

    /* U+0052 "R" */
    0x8f, 0xff, 0xff, 0xff, 0xff, 0xfe, 0xc8, 0x10,
    0x0, 0x0, 0x8f, 0xff, 0xff, 0xff, 0xff, 0xff,
    0xff, 0xf5, 0x0, 0x0, 0x8f, 0xff, 0xff, 0xff,
    0xff, 0xff, 0xff, 0xff, 0x30, 0x0, 0x8f, 0xff,
    0x85, 0x55, 0x55, 0x59, 0xff, 0xff, 0xa0, 0x0,
    0x8f, 0xff, 0x40, 0x0, 0x0, 0x0, 0x7f, 0xff,
    0xf0, 0x0, 0x8f, 0xff, 0x40, 0x0, 0x0, 0x0,
    0xf, 0xff, 0xf1, 0x0, 0x8f, 0xff, 0x40, 0x0,
    0x0, 0x0, 0xf, 0xff, 0xf1, 0x0, 0x8f, 0xff,
    0x40, 0x0, 0x0, 0x0, 0x4f, 0xff, 0xf0, 0x0,
    0x8f, 0xff, 0x40, 0x0, 0x0, 0x4, 0xef, 0xff,
    0xa0, 0x0, 0x8f, 0xff, 0xff, 0xff, 0xff, 0xff,
    0xff, 0xff, 0x30, 0x0, 0x8f, 0xff, 0xff, 0xff,
    0xff, 0xff, 0xff, 0xf5, 0x0, 0x0, 0x8f, 0xff,
    0xff, 0xff, 0xff, 0xff, 0xfc, 0x30, 0x0, 0x0,
    0x8f, 0xff, 0xed, 0xff, 0xff, 0xe6, 0x10, 0x0,
    0x0, 0x0, 0x8f, 0xff, 0x40, 0x6f, 0xff, 0xf2,
    0x0, 0x0, 0x0, 0x0, 0x8f, 0xff, 0x40, 0xe,
    0xff, 0xf9, 0x0, 0x0, 0x0, 0x0, 0x8f, 0xff,
    0x40, 0x6, 0xff, 0xff, 0x20, 0x0, 0x0, 0x0,
    0x8f, 0xff, 0x40, 0x0, 0xef, 0xff, 0x90, 0x0,
    0x0, 0x0, 0x8f, 0xff, 0x40, 0x0, 0x6f, 0xff,
    0xf1, 0x0, 0x0, 0x0, 0x8f, 0xff, 0x40, 0x0,
    0xe, 0xff, 0xf9, 0x0, 0x0, 0x0, 0x8f, 0xff,
    0x40, 0x0, 0x6, 0xff, 0xff, 0x10, 0x0, 0x0,
    0x8f, 0xff, 0x40, 0x0, 0x0, 0xef, 0xff, 0x90,
    0x0, 0x0, 0x8f, 0xff, 0x40, 0x0, 0x0, 0x6f,
    0xff, 0xf1, 0x0, 0x0, 0x8f, 0xff, 0x40, 0x0,
    0x0, 0xe, 0xff, 0xf9, 0x0, 0x0, 0x8f, 0xff,
    0x40, 0x0, 0x0, 0x7, 0xff, 0xff, 0x10, 0x0,
    0x8f, 0xff, 0x40, 0x0, 0x0, 0x0, 0xef, 0xff,
    0x80, 0x0, 0x8f, 0xff, 0x40, 0x0, 0x0, 0x0,
    0x7f, 0xff, 0xf1, 0x0, 0x8f, 0xff, 0x40, 0x0,
    0x0, 0x0, 0xe, 0xff, 0xf8, 0x0, 0x8f, 0xff,
    0x40, 0x0, 0x0, 0x0, 0x7, 0xff, 0xff, 0x10,
    0x8f, 0xff, 0x40, 0x0, 0x0, 0x0, 0x0, 0xef,
    0xff, 0x80, 0x8f, 0xff, 0x40, 0x0, 0x0, 0x0,
    0x0, 0x7f, 0xff, 0xf1, 0x8f, 0xff, 0x40, 0x0,
    0x0, 0x0, 0x0, 0xe, 0xff, 0xf8,

    /* U+0053 "S" */
    0x0, 0x0, 0x2, 0x8c, 0xff, 0xea, 0x50, 0x0,
    0x0, 0x0, 0x6, 0xff, 0xff, 0xff, 0xff, 0x90,
    0x0, 0x0, 0x4, 0xff, 0xff, 0xff, 0xff, 0xf6,
    0x0, 0x0, 0x0, 0xcf, 0xff, 0xfe, 0xff, 0xff,
    0x20, 0x0, 0x0, 0xf, 0xff, 0xf4, 0x0, 0x26,
    0xa0, 0x0, 0x0, 0x0, 0xff, 0xfb, 0x0, 0x0,
    0x0, 0x0, 0x0, 0x0, 0xd, 0xff, 0xc0, 0x0,
    0x0, 0x0, 0x0, 0x0, 0x0, 0x9f, 0xff, 0x30,
    0x0, 0x0, 0x0, 0x0, 0x0, 0x2, 0xff, 0xfd,
    0x10, 0x0, 0x0, 0x0, 0x0, 0x0, 0x9, 0xff,
    0xfc, 0x0, 0x0, 0x0, 0x0, 0x0, 0x0, 0xd,
    0xff, 0xfc, 0x0, 0x0, 0x0, 0x0, 0x0, 0x0,
    0x2f, 0xff, 0xfb, 0x0, 0x0, 0x0, 0x0, 0x0,
    0x0, 0x4f, 0xff, 0xf9, 0x0, 0x0, 0x0, 0x0,
    0x0, 0x0, 0x5f, 0xff, 0xf7, 0x0, 0x0, 0x0,
    0x0, 0x0, 0x0, 0x5f, 0xff, 0xf4, 0x0, 0x0,
    0x0, 0x0, 0x0, 0x0, 0x6f, 0xff, 0xe1, 0x0,
    0x0, 0x0, 0x0, 0x0, 0x0, 0x8f, 0xff, 0xb0,
    0x0, 0x0, 0x0, 0x0, 0x0, 0x0, 0xbf, 0xff,
    0x50, 0x0, 0x0, 0x0, 0x0, 0x0, 0x1, 0xff,
    0xfd, 0x0, 0x0, 0x0, 0x0, 0x0, 0x0, 0x8,
    0xff, 0xf3, 0x0, 0x0, 0x0, 0x0, 0x0, 0x0,
    0x3f, 0xff, 0x80, 0x0, 0x0, 0x0, 0x0, 0x0,
    0x0, 0xff, 0xfa, 0x0, 0x0, 0x0, 0x0, 0x0,
    0x0, 0xf, 0xff, 0xa0, 0x0, 0x0, 0x0, 0x0,
    0x0, 0x2, 0xff, 0xf8, 0x0, 0x0, 0x0, 0x0,
    0x0, 0x0, 0x7f, 0xff, 0x50, 0x0, 0x0, 0x0,
    0x0, 0x0, 0x2e, 0xff, 0xf0, 0x0, 0x8d, 0x61,
    0x0, 0x0, 0x5e, 0xff, 0xf7, 0x0, 0x1f, 0xff,
    0xfe, 0xcd, 0xff, 0xff, 0xfc, 0x0, 0x9, 0xff,
    0xff, 0xff, 0xff, 0xff, 0xfd, 0x10, 0x0, 0xcf,
    0xff, 0xff, 0xff, 0xff, 0xfa, 0x10, 0x0, 0x0,
    0x38, 0xbd, 0xef, 0xfe, 0xa3, 0x0, 0x0, 0x0,

    /* U+0054 "T" */
    0x7f, 0xff, 0xff, 0xff, 0xff, 0xff, 0xff, 0xff,
    0xff, 0xf5, 0x7f, 0xff, 0xff, 0xff, 0xff, 0xff,
    0xff, 0xff, 0xff, 0xf5, 0x7f, 0xff, 0xff, 0xff,
    0xff, 0xff, 0xff, 0xff, 0xff, 0xf5, 0x7e, 0xee,
    0xee, 0xee, 0xff, 0xff, 0xee, 0xee, 0xee, 0xe5,
    0x0, 0x0, 0x0, 0x1, 0xff, 0xff, 0x30, 0x0,
    0x0, 0x0, 0x0, 0x0, 0x0, 0x1, 0xff, 0xff,
    0x30, 0x0, 0x0, 0x0, 0x0, 0x0, 0x0, 0x1,
    0xff, 0xff, 0x30, 0x0, 0x0, 0x0, 0x0, 0x0,
    0x0, 0x1, 0xff, 0xff, 0x30, 0x0, 0x0, 0x0,
    0x0, 0x0, 0x0, 0x1, 0xff, 0xff, 0x30, 0x0,
    0x0, 0x0, 0x0, 0x0, 0x0, 0x1, 0xff, 0xff,
    0x30, 0x0, 0x0, 0x0, 0x0, 0x0, 0x0, 0x1,
    0xff, 0xff, 0x30, 0x0, 0x0, 0x0, 0x0, 0x0,
    0x0, 0x1, 0xff, 0xff, 0x30, 0x0, 0x0, 0x0,
    0x0, 0x0, 0x0, 0x1, 0xff, 0xff, 0x30, 0x0,
    0x0, 0x0, 0x0, 0x0, 0x0, 0x1, 0xff, 0xff,
    0x30, 0x0, 0x0, 0x0, 0x0, 0x0, 0x0, 0x1,
    0xff, 0xff, 0x30, 0x0, 0x0, 0x0, 0x0, 0x0,
    0x0, 0x1, 0xff, 0xff, 0x30, 0x0, 0x0, 0x0,
    0x0, 0x0, 0x0, 0x1, 0xff, 0xff, 0x30, 0x0,
    0x0, 0x0, 0x0, 0x0, 0x0, 0x1, 0xff, 0xff,
    0x30, 0x0, 0x0, 0x0, 0x0, 0x0, 0x0, 0x1,
    0xff, 0xff, 0x30, 0x0, 0x0, 0x0, 0x0, 0x0,
    0x0, 0x1, 0xff, 0xff, 0x30, 0x0, 0x0, 0x0,
    0x0, 0x0, 0x0, 0x1, 0xff, 0xff, 0x30, 0x0,
    0x0, 0x0, 0x0, 0x0, 0x0, 0x1, 0xff, 0xff,
    0x30, 0x0, 0x0, 0x0, 0x0, 0x0, 0x0, 0x1,
    0xff, 0xff, 0x30, 0x0, 0x0, 0x0, 0x0, 0x0,
    0x0, 0x1, 0xff, 0xff, 0x30, 0x0, 0x0, 0x0,
    0x0, 0x0, 0x0, 0x1, 0xff, 0xff, 0x30, 0x0,
    0x0, 0x0, 0x0, 0x0, 0x0, 0x1, 0xff, 0xff,
    0x30, 0x0, 0x0, 0x0, 0x0, 0x0, 0x0, 0x1,
    0xff, 0xff, 0x30, 0x0, 0x0, 0x0, 0x0, 0x0,
    0x0, 0x1, 0xff, 0xff, 0x30, 0x0, 0x0, 0x0,
    0x0, 0x0, 0x0, 0x1, 0xff, 0xff, 0x30, 0x0,
    0x0, 0x0, 0x0, 0x0, 0x0, 0x1, 0xff, 0xff,
    0x30, 0x0, 0x0, 0x0, 0x0, 0x0, 0x0, 0x1,
    0xff, 0xff, 0x30, 0x0, 0x0, 0x0,

    /* U+0055 "U" */
    0xaf, 0xff, 0x50, 0x0, 0x0, 0x0, 0x0, 0xcf,
    0xff, 0xaf, 0xff, 0x50, 0x0, 0x0, 0x0, 0x0,
    0xcf, 0xff, 0xaf, 0xff, 0x50, 0x0, 0x0, 0x0,
    0x0, 0xcf, 0xff, 0xaf, 0xff, 0x50, 0x0, 0x0,
    0x0, 0x0, 0xcf, 0xff, 0xaf, 0xff, 0x50, 0x0,
    0x0, 0x0, 0x0, 0xcf, 0xff, 0xaf, 0xff, 0x50,
    0x0, 0x0, 0x0, 0x0, 0xcf, 0xff, 0xaf, 0xff,
    0x50, 0x0, 0x0, 0x0, 0x0, 0xcf, 0xff, 0xaf,
    0xff, 0x50, 0x0, 0x0, 0x0, 0x0, 0xcf, 0xff,
    0xaf, 0xff, 0x50, 0x0, 0x0, 0x0, 0x0, 0xcf,
    0xff, 0xaf, 0xff, 0x50, 0x0, 0x0, 0x0, 0x0,
    0xcf, 0xff, 0xaf, 0xff, 0x50, 0x0, 0x0, 0x0,
    0x0, 0xcf, 0xff, 0xaf, 0xff, 0x50, 0x0, 0x0,
    0x0, 0x0, 0xcf, 0xff, 0xaf, 0xff, 0x50, 0x0,
    0x0, 0x0, 0x0, 0xcf, 0xff, 0xaf, 0xff, 0x50,
    0x0, 0x0, 0x0, 0x0, 0xcf, 0xff, 0xaf, 0xff,
    0x50, 0x0, 0x0, 0x0, 0x0, 0xcf, 0xff, 0xaf,
    0xff, 0x50, 0x0, 0x0, 0x0, 0x0, 0xcf, 0xff,
    0xaf, 0xff, 0x50, 0x0, 0x0, 0x0, 0x0, 0xcf,
    0xff, 0xaf, 0xff, 0x50, 0x0, 0x0, 0x0, 0x0,
    0xcf, 0xff, 0xaf, 0xff, 0x50, 0x0, 0x0, 0x0,
    0x0, 0xcf, 0xff, 0xaf, 0xff, 0x50, 0x0, 0x0,
    0x0, 0x0, 0xcf, 0xff, 0xaf, 0xff, 0x50, 0x0,
    0x0, 0x0, 0x0, 0xcf, 0xff, 0xaf, 0xff, 0x50,
    0x0, 0x0, 0x0, 0x0, 0xcf, 0xff, 0xaf, 0xff,
    0x50, 0x0, 0x0, 0x0, 0x0, 0xdf, 0xff, 0xaf,
    0xff, 0x60, 0x0, 0x0, 0x0, 0x0, 0xff, 0xff,
    0x8f, 0xff, 0x90, 0x0, 0x0, 0x0, 0x2, 0xff,
    0xfd, 0x4f, 0xff, 0xe0, 0x0, 0x0, 0x0, 0x8,
    0xff, 0xfa, 0xd, 0xff, 0xf9, 0x0, 0x0, 0x0,
    0x3f, 0xff, 0xf5, 0x5, 0xff, 0xff, 0xc5, 0x10,
    0x28, 0xff, 0xff, 0xd0, 0x0, 0x9f, 0xff, 0xff,
    0xff, 0xff, 0xff, 0xff, 0x30, 0x0, 0x8, 0xff,
    0xff, 0xff, 0xff, 0xff, 0xe4, 0x0, 0x0, 0x0,
    0x3b, 0xff, 0xff, 0xff, 0xf9, 0x10, 0x0, 0x0,
    0x0, 0x0, 0x15, 0x67, 0x64, 0x0, 0x0, 0x0,

    /* U+0056 "V" */
    0x3f, 0xff, 0x70, 0x0, 0x0, 0x0, 0x0, 0x0,
    0xaf, 0xff, 0x0, 0xff, 0xfb, 0x0, 0x0, 0x0,
    0x0, 0x0, 0xe, 0xff, 0xc0, 0xb, 0xff, 0xf0,
    0x0, 0x0, 0x0, 0x0, 0x2, 0xff, 0xf8, 0x0,
    0x7f, 0xff, 0x30, 0x0, 0x0, 0x0, 0x0, 0x6f,
    0xff, 0x40, 0x3, 0xff, 0xf7, 0x0, 0x0, 0x0,
    0x0, 0xa, 0xff, 0xf0, 0x0, 0xf, 0xff, 0xc0,
    0x0, 0x0, 0x0, 0x0, 0xef, 0xfc, 0x0, 0x0,
    0xcf, 0xff, 0x0, 0x0, 0x0, 0x0, 0x2f, 0xff,
    0x80, 0x0, 0x8, 0xff, 0xf4, 0x0, 0x0, 0x0,
    0x6, 0xff, 0xf4, 0x0, 0x0, 0x4f, 0xff, 0x80,
    0x0, 0x0, 0x0, 0xaf, 0xff, 0x0, 0x0, 0x0,
    0xff, 0xfd, 0x0, 0x0, 0x0, 0xe, 0xff, 0xc0,
    0x0, 0x0, 0xc, 0xff, 0xf1, 0x0, 0x0, 0x2,
    0xff, 0xf8, 0x0, 0x0, 0x0, 0x8f, 0xff, 0x50,
    0x0, 0x0, 0x6f, 0xff, 0x40, 0x0, 0x0, 0x4,
    0xff, 0xf9, 0x0, 0x0, 0xb, 0xff, 0xf0, 0x0,
    0x0, 0x0, 0xf, 0xff, 0xd0, 0x0, 0x0, 0xef,
    0xfc, 0x0, 0x0, 0x0, 0x0, 0xcf, 0xff, 0x20,
    0x0, 0x3f, 0xff, 0x80, 0x0, 0x0, 0x0, 0x8,
    0xff, 0xf6, 0x0, 0x7, 0xff, 0xf4, 0x0, 0x0,
    0x0, 0x0, 0x4f, 0xff, 0xa0, 0x0, 0xbf, 0xff,
    0x0, 0x0, 0x0, 0x0, 0x0, 0xff, 0xfe, 0x0,
    0xf, 0xff, 0xc0, 0x0, 0x0, 0x0, 0x0, 0xc,
    0xff, 0xf3, 0x3, 0xff, 0xf8, 0x0, 0x0, 0x0,
    0x0, 0x0, 0x8f, 0xff, 0x70, 0x7f, 0xff, 0x40,
    0x0, 0x0, 0x0, 0x0, 0x4, 0xff, 0xfb, 0xb,
    0xff, 0xf0, 0x0, 0x0, 0x0, 0x0, 0x0, 0xf,
    0xff, 0xf0, 0xff, 0xfc, 0x0, 0x0, 0x0, 0x0,
    0x0, 0x0, 0xcf, 0xff, 0x7f, 0xff, 0x80, 0x0,
    0x0, 0x0, 0x0, 0x0, 0x8, 0xff, 0xfe, 0xff,
    0xf4, 0x0, 0x0, 0x0, 0x0, 0x0, 0x0, 0x4f,
    0xff, 0xff, 0xff, 0x10, 0x0, 0x0, 0x0, 0x0,
    0x0, 0x0, 0xff, 0xff, 0xff, 0xc0, 0x0, 0x0,
    0x0, 0x0, 0x0, 0x0, 0xc, 0xff, 0xff, 0xf8,
    0x0, 0x0, 0x0, 0x0, 0x0, 0x0, 0x0, 0x8f,
    0xff, 0xff, 0x40, 0x0, 0x0, 0x0, 0x0, 0x0,
    0x0, 0x4, 0xff, 0xff, 0xf1, 0x0, 0x0, 0x0,
    0x0, 0x0, 0x0, 0x0, 0x1f, 0xff, 0xfc, 0x0,
    0x0, 0x0, 0x0, 0x0, 0x0, 0x0, 0x0, 0xdf,
    0xff, 0x80, 0x0, 0x0, 0x0, 0x0,

    /* U+0057 "W" */
    0xf, 0xff, 0xf2, 0x0, 0x0, 0xff, 0xfa, 0x0,
    0x3f, 0xff, 0x90, 0x0, 0x8, 0xff, 0xf4, 0xb,
    0xff, 0xf6, 0x0, 0x0, 0xbf, 0xfe, 0x0, 0x7f,
    0xff, 0x50, 0x0, 0xc, 0xff, 0xf0, 0x7, 0xff,
    0xfa, 0x0, 0x0, 0x7f, 0xff, 0x30, 0xbf, 0xff,
    0x10, 0x0, 0xf, 0xff, 0xc0, 0x2, 0xff, 0xfe,
    0x0, 0x0, 0x4f, 0xff, 0x70, 0xff, 0xfd, 0x0,
    0x0, 0x4f, 0xff, 0x80, 0x0, 0xef, 0xff, 0x30,
    0x0, 0xf, 0xff, 0xb2, 0xff, 0xf9, 0x0, 0x0,
    0x8f, 0xff, 0x40, 0x0, 0xaf, 0xff, 0x70, 0x0,
    0xc, 0xff, 0xf7, 0xff, 0xf5, 0x0, 0x0, 0xcf,
    0xff, 0x0, 0x0, 0x6f, 0xff, 0xb0, 0x0, 0x8,
    0xff, 0xfe, 0xff, 0xf1, 0x0, 0x1, 0xff, 0xfb,
    0x0, 0x0, 0x2f, 0xff, 0xf0, 0x0, 0x5, 0xff,
    0xff, 0xff, 0xd0, 0x0, 0x4, 0xff, 0xf7, 0x0,
    0x0, 0xd, 0xff, 0xf3, 0x0, 0x1, 0xff, 0xff,
    0xff, 0x90, 0x0, 0x9, 0xff, 0xf3, 0x0, 0x0,
    0x9, 0xff, 0xf7, 0x0, 0x0, 0xdf, 0xff, 0xff,
    0x50, 0x0, 0xd, 0xff, 0xe0, 0x0, 0x0, 0x5,
    0xff, 0xfb, 0x0, 0x0, 0x9f, 0xff, 0xff, 0x10,
    0x0, 0x1f, 0xff, 0xa0, 0x0, 0x0, 0x1, 0xff,
    0xff, 0x0, 0x0, 0x5f, 0xff, 0xfd, 0x0, 0x0,
    0x5f, 0xff, 0x60, 0x0, 0x0, 0x0, 0xdf, 0xff,
    0x30, 0x0, 0x2f, 0xff, 0xf9, 0x0, 0x0, 0x9f,
    0xff, 0x20, 0x0, 0x0, 0x0, 0x8f, 0xff, 0x70,
    0x0, 0xe, 0xff, 0xf5, 0x0, 0x0, 0xdf, 0xfe,
    0x0, 0x0, 0x0, 0x0, 0x4f, 0xff, 0xb0, 0x0,
    0xe, 0xff, 0xf7, 0x0, 0x1, 0xff, 0xf9, 0x0,
    0x0, 0x0, 0x0, 0xf, 0xff, 0xf0, 0x0, 0x2f,
    0xff, 0xfb, 0x0, 0x5, 0xff, 0xf5, 0x0, 0x0,
    0x0, 0x0, 0xc, 0xff, 0xf4, 0x0, 0x6f, 0xff,
    0xff, 0x0, 0x9, 0xff, 0xf1, 0x0, 0x0, 0x0,
    0x0, 0x8, 0xff, 0xf8, 0x0, 0xaf, 0xff, 0xff,
    0x30, 0xd, 0xff, 0xd0, 0x0, 0x0, 0x0, 0x0,
    0x4, 0xff, 0xfc, 0x0, 0xef, 0xff, 0xff, 0x70,
    0x1f, 0xff, 0x90, 0x0, 0x0, 0x0, 0x0, 0x0,
    0xff, 0xff, 0x2, 0xff, 0xff, 0xff, 0xc0, 0x5f,
    0xff, 0x40, 0x0, 0x0, 0x0, 0x0, 0x0, 0xbf,
    0xff, 0x46, 0xff, 0xff, 0xff, 0xf0, 0x9f, 0xff,
    0x0, 0x0, 0x0, 0x0, 0x0, 0x0, 0x7f, 0xff,
    0x8a, 0xff, 0xfc, 0xff, 0xf4, 0xdf, 0xfc, 0x0,
    0x0, 0x0, 0x0, 0x0, 0x0, 0x3f, 0xff, 0xce,
    0xff, 0xc8, 0xff, 0xfa, 0xff, 0xf8, 0x0, 0x0,
    0x0, 0x0, 0x0, 0x0, 0xe, 0xff, 0xff, 0xff,
    0x84, 0xff, 0xff, 0xff, 0xf4, 0x0, 0x0, 0x0,
    0x0, 0x0, 0x0, 0xa, 0xff, 0xff, 0xff, 0x40,
    0xff, 0xff, 0xff, 0xf0, 0x0, 0x0, 0x0, 0x0,
    0x0, 0x0, 0x6, 0xff, 0xff, 0xff, 0x0, 0xcf,
    0xff, 0xff, 0xb0, 0x0, 0x0, 0x0, 0x0, 0x0,
    0x0, 0x2, 0xff, 0xff, 0xfb, 0x0, 0x9f, 0xff,
    0xff, 0x70, 0x0, 0x0, 0x0, 0x0, 0x0, 0x0,
    0x0, 0xef, 0xff, 0xf7, 0x0, 0x5f, 0xff, 0xff,
    0x30, 0x0, 0x0, 0x0, 0x0, 0x0, 0x0, 0x0,
    0x9f, 0xff, 0xf3, 0x0, 0x1f, 0xff, 0xfe, 0x0,
    0x0, 0x0, 0x0, 0x0, 0x0, 0x0, 0x0, 0x5f,
    0xff, 0xf0, 0x0, 0xd, 0xff, 0xfa, 0x0, 0x0,
    0x0, 0x0, 0x0, 0x0, 0x0, 0x0, 0x1f, 0xff,
    0xb0, 0x0, 0xa, 0xff, 0xf6, 0x0, 0x0, 0x0,
    0x0,

    /* U+0058 "X" */
    0x0, 0x1, 0xff, 0xfd, 0x0, 0x0, 0x0, 0x1f,
    0xff, 0xd0, 0x0, 0x0, 0x0, 0x9f, 0xff, 0x60,
    0x0, 0x0, 0x9f, 0xff, 0x60, 0x0, 0x0, 0x0,
    0x1f, 0xff, 0xe0, 0x0, 0x1, 0xff, 0xfe, 0x0,
    0x0, 0x0, 0x0, 0x9, 0xff, 0xf7, 0x0, 0x9,
    0xff, 0xf7, 0x0, 0x0, 0x0, 0x0, 0x2, 0xff,
    0xfe, 0x0, 0x1f, 0xff, 0xe0, 0x0, 0x0, 0x0,
    0x0, 0x0, 0xaf, 0xff, 0x70, 0x9f, 0xff, 0x80,
    0x0, 0x0, 0x0, 0x0, 0x0, 0x3f, 0xff, 0xf2,
    0xff, 0xff, 0x10, 0x0, 0x0, 0x0, 0x0, 0x0,
    0xb, 0xff, 0xfe, 0xff, 0xf9, 0x0, 0x0, 0x0,
    0x0, 0x0, 0x0, 0x3, 0xff, 0xff, 0xff, 0xf2,
    0x0, 0x0, 0x0, 0x0, 0x0, 0x0, 0x0, 0xcf,
    0xff, 0xff, 0xa0, 0x0, 0x0, 0x0, 0x0, 0x0,
    0x0, 0x0, 0x4f, 0xff, 0xff, 0x30, 0x0, 0x0,
    0x0, 0x0, 0x0, 0x0, 0x0, 0xd, 0xff, 0xfb,
    0x0, 0x0, 0x0, 0x0, 0x0, 0x0, 0x0, 0x0,
    0xe, 0xff, 0xfd, 0x0, 0x0, 0x0, 0x0, 0x0,
    0x0, 0x0, 0x0, 0x5f, 0xff, 0xff, 0x40, 0x0,
    0x0, 0x0, 0x0, 0x0, 0x0, 0x0, 0xcf, 0xff,
    0xff, 0xb0, 0x0, 0x0, 0x0, 0x0, 0x0, 0x0,
    0x3, 0xff, 0xff, 0xff, 0xf2, 0x0, 0x0, 0x0,
    0x0, 0x0, 0x0, 0xb, 0xff, 0xff, 0xff, 0xf8,
    0x0, 0x0, 0x0, 0x0, 0x0, 0x0, 0x2f, 0xff,
    0xe7, 0xff, 0xff, 0x0, 0x0, 0x0, 0x0, 0x0,
    0x0, 0x9f, 0xff, 0x80, 0xef, 0xff, 0x60, 0x0,
    0x0, 0x0, 0x0, 0x0, 0xff, 0xff, 0x10, 0x7f,
    0xff, 0xd0, 0x0, 0x0, 0x0, 0x0, 0x7, 0xff,
    0xf9, 0x0, 0x1f, 0xff, 0xf4, 0x0, 0x0, 0x0,
    0x0, 0xe, 0xff, 0xf2, 0x0, 0x9, 0xff, 0xfb,
    0x0, 0x0, 0x0, 0x0, 0x5f, 0xff, 0xb0, 0x0,
    0x2, 0xff, 0xff, 0x20, 0x0, 0x0, 0x0, 0xcf,
    0xff, 0x40, 0x0, 0x0, 0xaf, 0xff, 0x90, 0x0,
    0x0, 0x3, 0xff, 0xfc, 0x0, 0x0, 0x0, 0x3f,
    0xff, 0xf0, 0x0, 0x0, 0xa, 0xff, 0xf5, 0x0,
    0x0, 0x0, 0xc, 0xff, 0xf6, 0x0, 0x0, 0x1f,
    0xff, 0xe0, 0x0, 0x0, 0x0, 0x5, 0xff, 0xfd,
    0x0, 0x0, 0x8f, 0xff, 0x70, 0x0, 0x0, 0x0,
    0x0, 0xdf, 0xff, 0x40, 0x0, 0xef, 0xff, 0x0,
    0x0, 0x0, 0x0, 0x0, 0x6f, 0xff, 0xb0, 0x6,
    0xff, 0xf8, 0x0, 0x0, 0x0, 0x0, 0x0, 0xe,
    0xff, 0xf2, 0xd, 0xff, 0xf1, 0x0, 0x0, 0x0,
    0x0, 0x0, 0x8, 0xff, 0xf9,

    /* U+0059 "Y" */
    0x3f, 0xff, 0xd0, 0x0, 0x0, 0x0, 0x0, 0x2f,
    0xff, 0x80, 0xaf, 0xff, 0x60, 0x0, 0x0, 0x0,
    0xc, 0xff, 0xe0, 0x2, 0xff, 0xfe, 0x0, 0x0,
    0x0, 0x5, 0xff, 0xf6, 0x0, 0x9, 0xff, 0xf7,
    0x0, 0x0, 0x0, 0xef, 0xfc, 0x0, 0x0, 0x1f,
    0xff, 0xf1, 0x0, 0x0, 0x8f, 0xff, 0x40, 0x0,
    0x0, 0x8f, 0xff, 0x80, 0x0, 0x2f, 0xff, 0xa0,
    0x0, 0x0, 0x1, 0xef, 0xff, 0x20, 0xb, 0xff,
    0xf2, 0x0, 0x0, 0x0, 0x7, 0xff, 0xfa, 0x4,
    0xff, 0xf8, 0x0, 0x0, 0x0, 0x0, 0xe, 0xff,
    0xf3, 0xdf, 0xfe, 0x10, 0x0, 0x0, 0x0, 0x0,
    0x6f, 0xff, 0xff, 0xff, 0x60, 0x0, 0x0, 0x0,
    0x0, 0x0, 0xdf, 0xff, 0xff, 0xd0, 0x0, 0x0,
    0x0, 0x0, 0x0, 0x5, 0xff, 0xff, 0xf4, 0x0,
    0x0, 0x0, 0x0, 0x0, 0x0, 0xc, 0xff, 0xfb,
    0x0, 0x0, 0x0, 0x0, 0x0, 0x0, 0x0, 0x5f,
    0xff, 0x40, 0x0, 0x0, 0x0, 0x0, 0x0, 0x0,
    0x5, 0xff, 0xf4, 0x0, 0x0, 0x0, 0x0, 0x0,
    0x0, 0x0, 0x5f, 0xff, 0x40, 0x0, 0x0, 0x0,
    0x0, 0x0, 0x0, 0x5, 0xff, 0xf4, 0x0, 0x0,
    0x0, 0x0, 0x0, 0x0, 0x0, 0x5f, 0xff, 0x40,
    0x0, 0x0, 0x0, 0x0, 0x0, 0x0, 0x5, 0xff,
    0xf4, 0x0, 0x0, 0x0, 0x0, 0x0, 0x0, 0x0,
    0x5f, 0xff, 0x40, 0x0, 0x0, 0x0, 0x0, 0x0,
    0x0, 0x5, 0xff, 0xf4, 0x0, 0x0, 0x0, 0x0,
    0x0, 0x0, 0x0, 0x5f, 0xff, 0x40, 0x0, 0x0,
    0x0, 0x0, 0x0, 0x0, 0x5, 0xff, 0xf4, 0x0,
    0x0, 0x0, 0x0, 0x0, 0x0, 0x0, 0x5f, 0xff,
    0x40, 0x0, 0x0, 0x0, 0x0, 0x0, 0x0, 0x5,
    0xff, 0xf4, 0x0, 0x0, 0x0, 0x0, 0x0, 0x0,
    0x0, 0x5f, 0xff, 0x40, 0x0, 0x0, 0x0, 0x0,
    0x0, 0x0, 0x5, 0xff, 0xf4, 0x0, 0x0, 0x0,
    0x0, 0x0, 0x0, 0x0, 0x5f, 0xff, 0x40, 0x0,
    0x0, 0x0, 0x0, 0x0, 0x0, 0x5, 0xff, 0xf4,
    0x0, 0x0, 0x0, 0x0, 0x0, 0x0, 0x0, 0x5f,
    0xff, 0x40, 0x0, 0x0, 0x0, 0x0, 0x0, 0x0,
    0x5, 0xff, 0xf4, 0x0, 0x0, 0x0, 0x0,

    /* U+005A "Z" */
    0x0, 0x0, 0x0, 0x0, 0x0, 0x0, 0x0, 0x0,
    0x0, 0x0, 0x0, 0x0, 0x9f, 0xff, 0xff, 0xff,
    0xff, 0xff, 0xff, 0xf9, 0x0, 0x0, 0x9, 0xff,
    0xff, 0xff, 0xff, 0xff, 0xff, 0xff, 0x10, 0x0,
    0x0, 0x9f, 0xff, 0xff, 0xff, 0xff, 0xff, 0xff,
    0x90, 0x0, 0x0, 0x0, 0x0, 0x0, 0x0, 0x0,
    0xa, 0xff, 0xf2, 0x0, 0x0, 0x0, 0x0, 0x0,
    0x0, 0x0, 0x2, 0xff, 0xfa, 0x0, 0x0, 0x0,
    0x0, 0x0, 0x0, 0x0, 0x0, 0x9f, 0xff, 0x30,
    0x0, 0x0, 0x0, 0x0, 0x0, 0x0, 0x0, 0x1f,
    0xff, 0xb0, 0x0, 0x0, 0x0, 0x0, 0x0, 0x0,
    0x0, 0x9, 0xff, 0xf4, 0x0, 0x0, 0x0, 0x0,
    0x0, 0x0, 0x0, 0x1, 0xff, 0xfd, 0x0, 0x0,
    0x0, 0x0, 0x0, 0x0, 0x0, 0x0, 0x8f, 0xff,
    0x50, 0x0, 0x0, 0x0, 0x0, 0x0, 0x0, 0x0,
    0xf, 0xff, 0xd0, 0x0, 0x0, 0x0, 0x0, 0x0,
    0x0, 0x0, 0x7, 0xff, 0xf6, 0x0, 0x0, 0x0,
    0x0, 0x0, 0x0, 0x0, 0x0, 0xef, 0xfe, 0x0,
    0x0, 0x0, 0x0, 0x0, 0x0, 0x0, 0x0, 0x6f,
    0xff, 0x70, 0x0, 0x0, 0x0, 0x0, 0x0, 0x0,
    0x0, 0xe, 0xff, 0xf0, 0x0, 0x0, 0x0, 0x0,
    0x0, 0x0, 0x0, 0x6, 0xff, 0xf8, 0x0, 0x0,
    0x0, 0x0, 0x0, 0x0, 0x0, 0x0, 0xdf, 0xff,
    0x10, 0x0, 0x0, 0x0, 0x0, 0x0, 0x0, 0x0,
    0x5f, 0xff, 0x90, 0x0, 0x0, 0x0, 0x0, 0x0,
    0x0, 0x0, 0xc, 0xff, 0xf2, 0x0, 0x0, 0x0,
    0x0, 0x0, 0x0, 0x0, 0x4, 0xff, 0xfb, 0x0,
    0x0, 0x0, 0x0, 0x0, 0x0, 0x0, 0x0, 0xbf,
    0xff, 0x30, 0x0, 0x0, 0x0, 0x0, 0x0, 0x0,
    0x0, 0x3f, 0xff, 0xc0, 0x0, 0x0, 0x0, 0x0,
    0x0, 0x0, 0x0, 0xa, 0xff, 0xf5, 0x0, 0x0,
    0x0, 0x0, 0x0, 0x0, 0x0, 0x2, 0xff, 0xfd,
    0x0, 0x0, 0x0, 0x0, 0x0, 0x0, 0x0, 0x0,
    0x9f, 0xff, 0x60, 0x0, 0x0, 0x0, 0x0, 0x0,
    0x0, 0x0, 0x1f, 0xff, 0xe0, 0x0, 0x0, 0x0,
    0x0, 0x0, 0x0, 0x0, 0x7, 0xff, 0xf7, 0x0,
    0x0, 0x0, 0x0, 0x0, 0x0, 0x0, 0x0, 0xef,
    0xff, 0x10, 0x0, 0x0, 0x0, 0x0, 0x0, 0x0,
    0x0, 0x5f, 0xff, 0xff, 0xff, 0xff, 0xff, 0xff,
    0xff, 0xff, 0xf8, 0xb, 0xff, 0xff, 0xff, 0xff,
    0xff, 0xff, 0xff, 0xff, 0xff, 0x81, 0xff, 0xff,
    0xff, 0xff, 0xff, 0xff, 0xff, 0xff, 0xff, 0xf8,
    0x0, 0x0, 0x0, 0x0, 0x0, 0x0, 0x0, 0x0,
    0x0, 0x0, 0x0,

    /* U+005B "[" */
    0x8f, 0xff, 0xff, 0xf7, 0x8f, 0xff, 0xff, 0xf7,
    0x8f, 0xfc, 0x77, 0x73, 0x8f, 0xf9, 0x0, 0x0,
    0x8f, 0xf9, 0x0, 0x0, 0x8f, 0xf9, 0x0, 0x0,
    0x8f, 0xf9, 0x0, 0x0, 0x8f, 0xf9, 0x0, 0x0,
    0x8f, 0xf9, 0x0, 0x0, 0x8f, 0xf9, 0x0, 0x0,
    0x8f, 0xf9, 0x0, 0x0, 0x8f, 0xf9, 0x0, 0x0,
    0x8f, 0xf9, 0x0, 0x0, 0x8f, 0xf9, 0x0, 0x0,
    0x8f, 0xf9, 0x0, 0x0, 0x8f, 0xf9, 0x0, 0x0,
    0x8f, 0xf9, 0x0, 0x0, 0x8f, 0xf9, 0x0, 0x0,
    0x8f, 0xf9, 0x0, 0x0, 0x8f, 0xf9, 0x0, 0x0,
    0x8f, 0xf9, 0x0, 0x0, 0x8f, 0xf9, 0x0, 0x0,
    0x8f, 0xf9, 0x0, 0x0, 0x8f, 0xf9, 0x0, 0x0,
    0x8f, 0xf9, 0x0, 0x0, 0x8f, 0xf9, 0x0, 0x0,
    0x8f, 0xf9, 0x0, 0x0, 0x8f, 0xf9, 0x0, 0x0,
    0x8f, 0xf9, 0x0, 0x0, 0x8f, 0xf9, 0x0, 0x0,
    0x8f, 0xf9, 0x0, 0x0, 0x8f, 0xf9, 0x0, 0x0,
    0x8f, 0xf9, 0x0, 0x0, 0x8f, 0xf9, 0x0, 0x0,
    0x8f, 0xf9, 0x0, 0x0, 0x8f, 0xf9, 0x0, 0x0,
    0x8f, 0xfc, 0x88, 0x83, 0x8f, 0xff, 0xff, 0xf7,
    0x8f, 0xff, 0xff, 0xf7,

    /* U+005C "\\" */
    0xbf, 0xb0, 0x0, 0x0, 0x0, 0x0, 0x6, 0xff,
    0x0, 0x0, 0x0, 0x0, 0x0, 0x1f, 0xf5, 0x0,
    0x0, 0x0, 0x0, 0x0, 0xcf, 0xa0, 0x0, 0x0,
    0x0, 0x0, 0x7, 0xff, 0x0, 0x0, 0x0, 0x0,
    0x0, 0x2f, 0xf4, 0x0, 0x0, 0x0, 0x0, 0x0,
    0xdf, 0x90, 0x0, 0x0, 0x0, 0x0, 0x8, 0xfe,
    0x0, 0x0, 0x0, 0x0, 0x0, 0x3f, 0xf3, 0x0,
    0x0, 0x0, 0x0, 0x0, 0xef, 0x80, 0x0, 0x0,
    0x0, 0x0, 0x9, 0xfd, 0x0, 0x0, 0x0, 0x0,
    0x0, 0x4f, 0xf2, 0x0, 0x0, 0x0, 0x0, 0x0,
    0xef, 0x70, 0x0, 0x0, 0x0, 0x0, 0xa, 0xfc,
    0x0, 0x0, 0x0, 0x0, 0x0, 0x5f, 0xf1, 0x0,
    0x0, 0x0, 0x0, 0x0, 0xff, 0x60, 0x0, 0x0,
    0x0, 0x0, 0xb, 0xfb, 0x0, 0x0, 0x0, 0x0,
    0x0, 0x6f, 0xf1, 0x0, 0x0, 0x0, 0x0, 0x1,
    0xff, 0x50, 0x0, 0x0, 0x0, 0x0, 0xc, 0xfa,
    0x0, 0x0, 0x0, 0x0, 0x0, 0x7f, 0xf0, 0x0,
    0x0, 0x0, 0x0, 0x2, 0xff, 0x40, 0x0, 0x0,
    0x0, 0x0, 0xd, 0xf9, 0x0, 0x0, 0x0, 0x0,
    0x0, 0x8f, 0xe0, 0x0, 0x0, 0x0, 0x0, 0x3,
    0xff, 0x30, 0x0, 0x0, 0x0, 0x0, 0xe, 0xf8,
    0x0, 0x0, 0x0, 0x0, 0x0, 0x9f, 0xd0, 0x0,
    0x0, 0x0, 0x0, 0x4, 0xff, 0x20, 0x0, 0x0,
    0x0, 0x0, 0xe, 0xf7, 0x0, 0x0, 0x0, 0x0,
    0x0, 0xaf, 0xc0, 0x0, 0x0, 0x0, 0x0, 0x5,
    0xff, 0x20,

    /* U+005D "]" */
    0xbf, 0xff, 0xff, 0xf5, 0xbf, 0xff, 0xff, 0xf5,
    0x47, 0x77, 0xef, 0xf5, 0x0, 0x0, 0xcf, 0xf5,
    0x0, 0x0, 0xcf, 0xf5, 0x0, 0x0, 0xcf, 0xf5,
    0x0, 0x0, 0xcf, 0xf5, 0x0, 0x0, 0xcf, 0xf5,
    0x0, 0x0, 0xcf, 0xf5, 0x0, 0x0, 0xcf, 0xf5,
    0x0, 0x0, 0xcf, 0xf5, 0x0, 0x0, 0xcf, 0xf5,
    0x0, 0x0, 0xcf, 0xf5, 0x0, 0x0, 0xcf, 0xf5,
    0x0, 0x0, 0xcf, 0xf5, 0x0, 0x0, 0xcf, 0xf5,
    0x0, 0x0, 0xcf, 0xf5, 0x0, 0x0, 0xcf, 0xf5,
    0x0, 0x0, 0xcf, 0xf5, 0x0, 0x0, 0xcf, 0xf5,
    0x0, 0x0, 0xcf, 0xf5, 0x0, 0x0, 0xcf, 0xf5,
    0x0, 0x0, 0xcf, 0xf5, 0x0, 0x0, 0xcf, 0xf5,
    0x0, 0x0, 0xcf, 0xf5, 0x0, 0x0, 0xcf, 0xf5,
    0x0, 0x0, 0xcf, 0xf5, 0x0, 0x0, 0xcf, 0xf5,
    0x0, 0x0, 0xcf, 0xf5, 0x0, 0x0, 0xcf, 0xf5,
    0x0, 0x0, 0xcf, 0xf5, 0x0, 0x0, 0xcf, 0xf5,
    0x0, 0x0, 0xcf, 0xf5, 0x0, 0x0, 0xcf, 0xf5,
    0x0, 0x0, 0xcf, 0xf5, 0x0, 0x0, 0xcf, 0xf5,
    0x58, 0x88, 0xef, 0xf5, 0xbf, 0xff, 0xff, 0xf5,
    0xbf, 0xff, 0xff, 0xf5,

    /* U+005E "^" */
    0x0, 0x0, 0x0, 0x6f, 0xe0, 0x0, 0x0, 0x0,
    0x0, 0x0, 0x0, 0xcf, 0xf5, 0x0, 0x0, 0x0,
    0x0, 0x0, 0x1, 0xff, 0xfb, 0x0, 0x0, 0x0,
    0x0, 0x0, 0x7, 0xfc, 0xff, 0x10, 0x0, 0x0,
    0x0, 0x0, 0xd, 0xf4, 0xcf, 0x60, 0x0, 0x0,
    0x0, 0x0, 0x3f, 0xe0, 0x6f, 0xc0, 0x0, 0x0,
    0x0, 0x0, 0x9f, 0x90, 0xf, 0xf2, 0x0, 0x0,
    0x0, 0x0, 0xef, 0x30, 0xa, 0xf8, 0x0, 0x0,
    0x0, 0x4, 0xfd, 0x0, 0x4, 0xfe, 0x0, 0x0,
    0x0, 0xa, 0xf7, 0x0, 0x0, 0xef, 0x40, 0x0,
    0x0, 0x1f, 0xf1, 0x0, 0x0, 0x8f, 0xa0, 0x0,
    0x0, 0x6f, 0xb0, 0x0, 0x0, 0x2f, 0xf0, 0x0,
    0x0, 0xcf, 0x50, 0x0, 0x0, 0xc, 0xf6, 0x0,
    0x2, 0xff, 0x0, 0x0, 0x0, 0x6, 0xfc, 0x0,
    0x7, 0xfa, 0x0, 0x0, 0x0, 0x1, 0xff, 0x20,
    0xd, 0xf4, 0x0, 0x0, 0x0, 0x0, 0xaf, 0x70,
    0x3f, 0xe0, 0x0, 0x0, 0x0, 0x0, 0x4f, 0xd0,

    /* U+005F "_" */
    0x0, 0x0, 0x0, 0x0, 0x0, 0x0, 0x0, 0x0,
    0x0, 0x0, 0x8, 0xff, 0xff, 0xff, 0xff, 0xff,
    0xff, 0xff, 0xff, 0xff, 0xf7, 0x8f, 0xff, 0xff,
    0xff, 0xff, 0xff, 0xff, 0xff, 0xff, 0xff, 0x70,

    /* U+0060 "`" */
    0x48, 0x88, 0x60, 0x0, 0x0, 0xcf, 0xff, 0x30,
    0x0, 0x0, 0xcf, 0xfd, 0x0, 0x0, 0x1, 0xdf,
    0xf8, 0x0, 0x0, 0x1, 0xdf, 0xf3, 0x0, 0x0,
    0x1, 0xef, 0xd0,

    /* U+0061 "a" */
    0x0, 0x0, 0x0, 0xf, 0xff, 0x30, 0x0, 0x0,
    0x0, 0x0, 0x0, 0x3, 0xff, 0xf7, 0x0, 0x0,
    0x0, 0x0, 0x0, 0x0, 0x7f, 0xff, 0xb0, 0x0,
    0x0, 0x0, 0x0, 0x0, 0xc, 0xff, 0xff, 0x0,
    0x0, 0x0, 0x0, 0x0, 0x0, 0xff, 0xff, 0xf4,
    0x0, 0x0, 0x0, 0x0, 0x0, 0x4f, 0xff, 0xff,
    0x80, 0x0, 0x0, 0x0, 0x0, 0x8, 0xff, 0xff,
    0xfc, 0x0, 0x0, 0x0, 0x0, 0x0, 0xcf, 0xff,
    0xff, 0xf0, 0x0, 0x0, 0x0, 0x0, 0x1f, 0xff,
    0x9f, 0xff, 0x40, 0x0, 0x0, 0x0, 0x5, 0xff,
    0xf1, 0xff, 0xf9, 0x0, 0x0, 0x0, 0x0, 0x9f,
    0xfb, 0xc, 0xff, 0xd0, 0x0, 0x0, 0x0, 0xd,
    0xff, 0x70, 0x7f, 0xff, 0x10, 0x0, 0x0, 0x1,
    0xff, 0xf3, 0x2, 0xff, 0xf5, 0x0, 0x0, 0x0,
    0x5f, 0xfe, 0x0, 0xe, 0xff, 0x90, 0x0, 0x0,
    0xa, 0xff, 0xa0, 0x0, 0x9f, 0xfe, 0x0, 0x0,
    0x0, 0xef, 0xff, 0xee, 0xee, 0xff, 0xf2, 0x0,
    0x0, 0x2f, 0xff, 0xff, 0xff, 0xff, 0xff, 0x60,
    0x0, 0x6, 0xff, 0xff, 0xff, 0xff, 0xff, 0xfa,
    0x0, 0x0, 0xaf, 0xfa, 0x0, 0x0, 0xa, 0xff,
    0xe0, 0x0, 0xe, 0xff, 0xfe, 0xee, 0xee, 0xff,
    0xff, 0x30, 0x3, 0xff, 0xff, 0xff, 0xff, 0xff,
    0xff, 0xf7, 0x0, 0x7f, 0xff, 0xff, 0xff, 0xff,
    0xff, 0xff, 0xb0, 0xb, 0xff, 0xb0, 0x0, 0x0,
    0x0, 0xaf, 0xff, 0x0, 0xff, 0xf7, 0x0, 0x0,
    0x0, 0x6, 0xff, 0xf3, 0x3f, 0xff, 0x40, 0x0,
    0x0, 0x0, 0x1f, 0xff, 0x80,

    /* U+0062 "b" */
    0x8f, 0xff, 0xff, 0xff, 0xc4, 0x0, 0x0, 0x0,
    0x8, 0xff, 0xff, 0xff, 0xff, 0xf9, 0x0, 0x0,
    0x0, 0x8f, 0xff, 0xff, 0xff, 0xff, 0xf7, 0x0,
    0x0, 0x8, 0xff, 0xfc, 0xcc, 0xdf, 0xff, 0xc0,
    0x0, 0x0, 0x8f, 0xff, 0x0, 0x4, 0xff, 0xf9,
    0x0, 0x0, 0x8, 0xff, 0xf0, 0x0, 0x9f, 0xff,
    0x40, 0x0, 0x0, 0x8f, 0xff, 0x0, 0x8f, 0xff,
    0xe0, 0x0, 0x0, 0x8, 0xff, 0xf5, 0xdf, 0xff,
    0xfc, 0x0, 0x0, 0x0, 0x8f, 0xff, 0xff, 0xff,
    0xff, 0xfb, 0x0, 0x0, 0x8, 0xff, 0xff, 0xff,
    0xff, 0xff, 0xfc, 0x0, 0x0, 0x8f, 0xff, 0xff,
    0x93, 0xcf, 0xff, 0xfb, 0x0, 0x8, 0xff, 0xfc,
    0x30, 0x0, 0xaf, 0xff, 0xf7, 0x0, 0x8f, 0xff,
    0x10, 0x0, 0x0, 0xbf, 0xff, 0xf1, 0x8, 0xff,
    0xf1, 0x0, 0x0, 0x1, 0xef, 0xff, 0x80, 0x8f,
    0xff, 0x10, 0x0, 0x0, 0x6, 0xff, 0xfd, 0x8,
    0xff, 0xf1, 0x0, 0x0, 0x0, 0xf, 0xff, 0xf0,
    0x8f, 0xff, 0x10, 0x0, 0x0, 0x0, 0xcf, 0xff,
    0x8, 0xff, 0xf1, 0x0, 0x0, 0x0, 0xb, 0xff,
    0xf1, 0x8f, 0xff, 0x10, 0x0, 0x0, 0x0, 0xef,
    0xff, 0x18, 0xff, 0xf1, 0x0, 0x0, 0x0, 0x6f,
    0xff, 0xe0, 0x8f, 0xff, 0x10, 0x0, 0x0, 0x5f,
    0xff, 0xf9, 0x8, 0xff, 0xf7, 0x77, 0x77, 0xbf,
    0xff, 0xff, 0x20, 0x8f, 0xff, 0xff, 0xff, 0xff,
    0xff, 0xff, 0x60, 0x8, 0xff, 0xff, 0xff, 0xff,
    0xff, 0xfe, 0x50, 0x0, 0x8f, 0xff, 0xff, 0xff,
    0xfe, 0xa5, 0x0, 0x0, 0x0,

    /* U+0063 "c" */
    0x0, 0x0, 0x0, 0x16, 0xbe, 0xff, 0xda, 0x50,
    0x0, 0x0, 0x0, 0x7f, 0xff, 0xff, 0xff, 0xff,
    0x80, 0x0, 0x1, 0xbf, 0xff, 0xff, 0xff, 0xff,
    0xf4, 0x0, 0x0, 0xbf, 0xff, 0xfe, 0x85, 0x59,
    0xee, 0x0, 0x0, 0x8f, 0xff, 0xf9, 0x0, 0x0,
    0x0, 0x50, 0x0, 0x1f, 0xff, 0xf9, 0x0, 0x0,
    0x0, 0x0, 0x0, 0x7, 0xff, 0xfc, 0x0, 0x0,
    0x0, 0x0, 0x0, 0x0, 0xcf, 0xff, 0x40, 0x0,
    0x0, 0x0, 0x0, 0x0, 0xf, 0xff, 0xd0, 0x0,
    0x0, 0x0, 0x0, 0x0, 0x1, 0xff, 0xf9, 0x0,
    0x0, 0x0, 0x0, 0x0, 0x0, 0x3f, 0xff, 0x70,
    0x0, 0x0, 0x0, 0x0, 0x0, 0x3, 0xff, 0xf8,
    0x0, 0x0, 0x0, 0x0, 0x0, 0x0, 0x2f, 0xff,
    0x90, 0x0, 0x0, 0x0, 0x0, 0x0, 0x0, 0xff,
    0xfd, 0x0, 0x0, 0x0, 0x0, 0x0, 0x0, 0xb,
    0xff, 0xf2, 0x0, 0x0, 0x0, 0x0, 0x0, 0x0,
    0x6f, 0xff, 0xa0, 0x0, 0x0, 0x0, 0x0, 0x0,
    0x0, 0xff, 0xff, 0x30, 0x0, 0x0, 0x0, 0x0,
    0x0, 0x6, 0xff, 0xfe, 0x10, 0x0, 0x0, 0x0,
    0x0, 0x0, 0xc, 0xff, 0xfd, 0x20, 0x0, 0x0,
    0x0, 0x0, 0x0, 0x1d, 0xff, 0xff, 0x60, 0x0,
    0x0, 0x0, 0x0, 0x0, 0x2e, 0xff, 0xff, 0xd6,
    0x10, 0x0, 0x0, 0x0, 0x0, 0x1b, 0xff, 0xff,
    0xff, 0xb7, 0x41, 0x0, 0x0, 0x0, 0x7, 0xff,
    0xff, 0xff, 0xff, 0x90, 0x0, 0x0, 0x0, 0x1,
    0x7e, 0xff, 0xff, 0xf9, 0x0, 0x0, 0x0, 0x0,
    0x0, 0x4, 0x8b, 0xef, 0x80,

    /* U+0064 "d" */
    0x3, 0x9d, 0xff, 0xda, 0x50, 0x0, 0x0, 0x0,
    0x6f, 0xff, 0xff, 0xff, 0xfe, 0x50, 0x0, 0x0,
    0x8f, 0xff, 0xff, 0xff, 0xff, 0xf9, 0x0, 0x0,
    0x8f, 0xff, 0xff, 0xff, 0xff, 0xff, 0xb0, 0x0,
    0x8f, 0xff, 0x71, 0x2, 0x7f, 0xff, 0xf8, 0x0,
    0x8f, 0xff, 0x30, 0x0, 0x1, 0xdf, 0xff, 0x30,
    0x8f, 0xff, 0x30, 0x0, 0x0, 0x2f, 0xff, 0xc0,
    0x8f, 0xff, 0x30, 0x0, 0x0, 0x7, 0xff, 0xf2,
    0x8f, 0xff, 0x30, 0x0, 0x0, 0x0, 0xff, 0xf7,
    0x8f, 0xff, 0x30, 0x0, 0x0, 0x0, 0xcf, 0xf9,
    0x8f, 0xff, 0x30, 0x0, 0x0, 0x0, 0xaf, 0xfa,
    0x8f, 0xff, 0x30, 0x0, 0x0, 0x0, 0xbf, 0xf9,
    0x8f, 0xff, 0x30, 0x0, 0x0, 0x0, 0xdf, 0xf9,
    0x8f, 0xff, 0x30, 0x0, 0x0, 0x1, 0xff, 0xf6,
    0x8f, 0xff, 0x30, 0x0, 0x0, 0x7, 0xff, 0xf3,
    0x8f, 0xff, 0x30, 0x0, 0x0, 0xe, 0xff, 0xe0,
    0x8f, 0xff, 0x30, 0x0, 0x0, 0x9f, 0xff, 0x90,
    0x8f, 0xff, 0x30, 0x0, 0x6, 0xff, 0xff, 0x10,
    0x8f, 0xff, 0x30, 0x0, 0x6f, 0xff, 0xf7, 0x0,
    0x8f, 0xff, 0x30, 0x1a, 0xff, 0xff, 0xa0, 0x0,
    0x8f, 0xff, 0x69, 0xff, 0xff, 0xfa, 0x0, 0x0,
    0x8f, 0xff, 0xff, 0xff, 0xff, 0x80, 0x0, 0x0,
    0x8f, 0xff, 0xff, 0xff, 0xd4, 0x0, 0x0, 0x0,
    0x8f, 0xff, 0xff, 0xd7, 0x0, 0x0, 0x0, 0x0,
    0x8e, 0xc8, 0x51, 0x0, 0x0, 0x0, 0x0, 0x0,

    /* U+0065 "e" */
    0x8f, 0xff, 0xff, 0xff, 0xff, 0xfe, 0x0, 0x0,
    0x8f, 0xff, 0xff, 0xff, 0xff, 0xfe, 0x0, 0x0,
    0x8f, 0xff, 0xff, 0xff, 0xff, 0xfe, 0x0, 0x0,
    0x8f, 0xff, 0x99, 0x99, 0x99, 0x98, 0x0, 0x0,
    0x8f, 0xff, 0x0, 0x0, 0x0, 0x0, 0x0, 0x0,
    0x8f, 0xff, 0x0, 0x0, 0x0, 0x0, 0x0, 0x0,
    0x8f, 0xff, 0x0, 0x0, 0x0, 0x0, 0x0, 0x0,
    0x8f, 0xff, 0xff, 0xff, 0xff, 0xff, 0xff, 0xf5,
    0x8f, 0xff, 0xff, 0xff, 0xff, 0xff, 0xff, 0xf5,
    0x8f, 0xff, 0xff, 0xff, 0xff, 0xff, 0xff, 0xf5,
    0x8f, 0xff, 0x44, 0x44, 0x44, 0x44, 0x44, 0x41,
    0x8f, 0xff, 0x0, 0x0, 0x0, 0x0, 0x0, 0x0,
    0x8f, 0xff, 0x0, 0x0, 0x0, 0x0, 0x0, 0x0,
    0x8f, 0xff, 0x0, 0x0, 0x0, 0x0, 0x0, 0x0,
    0x8f, 0xff, 0x0, 0x0, 0x0, 0x0, 0x0, 0x0,
    0x8f, 0xff, 0x0, 0x0, 0x0, 0x0, 0x0, 0x0,
    0x8f, 0xff, 0x0, 0x0, 0x0, 0x0, 0x0, 0x0,
    0x8f, 0xff, 0x0, 0x0, 0x0, 0x0, 0x0, 0x0,
    0x8f, 0xff, 0x0, 0x0, 0x0, 0x0, 0x0, 0x0,
    0x8f, 0xff, 0x0, 0x0, 0x0, 0x0, 0x0, 0x0,
    0x8f, 0xff, 0x0, 0x0, 0x0, 0x0, 0x0, 0x0,
    0x8f, 0xff, 0x33, 0x33, 0x33, 0x33, 0x30, 0x0,
    0x8f, 0xff, 0xff, 0xff, 0xff, 0xff, 0xf1, 0x0,
    0x8f, 0xff, 0xff, 0xff, 0xff, 0xff, 0xf1, 0x0,
    0x8f, 0xff, 0xff, 0xff, 0xff, 0xff, 0xf1, 0x0,

    /* U+0066 "f" */
    0x8f, 0xff, 0xff, 0xff, 0xff, 0xff, 0x50, 0x8,
    0xff, 0xff, 0xff, 0xff, 0xff, 0xf5, 0x0, 0x8f,
    0xff, 0xff, 0xff, 0xff, 0xff, 0x50, 0x8, 0xff,
    0xf8, 0x33, 0x33, 0x33, 0x31, 0x0, 0x8f, 0xff,
    0x60, 0x0, 0x0, 0x0, 0x0, 0x8, 0xff, 0xf6,
    0x0, 0x0, 0x0, 0x0, 0x0, 0x8f, 0xff, 0xff,
    0xff, 0xff, 0xff, 0xff, 0xe8, 0xff, 0xff, 0xff,
    0xff, 0xff, 0xff, 0xff, 0x8f, 0xff, 0xff, 0xff,
    0xff, 0xff, 0xff, 0xf8, 0xff, 0xf6, 0x0, 0x0,
    0x0, 0x0, 0x0, 0x8f, 0xff, 0x60, 0x0, 0x0,
    0x0, 0x0, 0x8, 0xff, 0xf6, 0x0, 0x0, 0x0,
    0x0, 0x0, 0x8f, 0xff, 0x60, 0x0, 0x0, 0x0,
    0x0, 0x8, 0xff, 0xf6, 0x0, 0x0, 0x0, 0x0,
    0x0, 0x8f, 0xff, 0x60, 0x0, 0x0, 0x0, 0x0,
    0x8, 0xff, 0xf6, 0x0, 0x0, 0x0, 0x0, 0x0,
    0x8f, 0xff, 0x60, 0x0, 0x0, 0x0, 0x0, 0x8,
    0xff, 0xf6, 0x0, 0x0, 0x0, 0x0, 0x0, 0x8f,
    0xff, 0x60, 0x0, 0x0, 0x0, 0x0, 0x8, 0xff,
    0xf6, 0x0, 0x0, 0x0, 0x0, 0x0, 0x8f, 0xff,
    0x60, 0x0, 0x0, 0x0, 0x0, 0x8, 0xff, 0xf6,
    0x0, 0x0, 0x0, 0x0, 0x0, 0x8f, 0xff, 0x60,
    0x0, 0x0, 0x0, 0x0, 0x8, 0xff, 0xf6, 0x0,
    0x0, 0x0, 0x0, 0x0, 0x8f, 0xff, 0x60, 0x0,
    0x0, 0x0, 0x0, 0x0,

    /* U+0067 "g" */
    0x0, 0x0, 0x0, 0x27, 0xbe, 0xff, 0xec, 0x90,
    0x0, 0x0, 0x2, 0xbf, 0xff, 0xff, 0xff, 0xfe,
    0x0, 0x0, 0x5, 0xff, 0xff, 0xff, 0xff, 0xff,
    0xe0, 0x0, 0x4, 0xff, 0xff, 0xfb, 0x63, 0x23,
    0x7a, 0x0, 0x0, 0xef, 0xff, 0xd3, 0x0, 0x0,
    0x0, 0x0, 0x0, 0x7f, 0xff, 0xe1, 0x0, 0x0,
    0x0, 0x56, 0x64, 0xc, 0xff, 0xf5, 0x0, 0x0,
    0x0, 0xe, 0xff, 0xc0, 0xff, 0xfe, 0x0, 0x0,
    0x0, 0x0, 0xef, 0xfc, 0x2f, 0xff, 0xa0, 0x0,
    0x0, 0x0, 0xe, 0xff, 0xc3, 0xff, 0xf9, 0x0,
    0x0, 0x0, 0x0, 0xef, 0xfc, 0x3f, 0xff, 0x90,
    0x0, 0x0, 0x0, 0xe, 0xff, 0xc2, 0xff, 0xfa,
    0x0, 0x0, 0x0, 0x0, 0xef, 0xfc, 0xf, 0xff,
    0xd0, 0x0, 0x0, 0x0, 0xe, 0xff, 0xc0, 0xef,
    0xff, 0x10, 0x0, 0x0, 0x0, 0xef, 0xfc, 0xa,
    0xff, 0xf6, 0x0, 0x0, 0x0, 0xe, 0xff, 0xc0,
    0x6f, 0xff, 0xd0, 0x0, 0x0, 0x0, 0xef, 0xfc,
    0x0, 0xff, 0xff, 0x60, 0x0, 0x0, 0xe, 0xff,
    0xc0, 0x8, 0xff, 0xff, 0x30, 0x0, 0x0, 0xef,
    0xfc, 0x0, 0xe, 0xff, 0xfe, 0x30, 0x0, 0xe,
    0xff, 0xc0, 0x0, 0x3f, 0xff, 0xff, 0x70, 0x0,
    0xef, 0xfc, 0x0, 0x0, 0x5f, 0xff, 0xff, 0xe9,
    0x5e, 0xff, 0xc0, 0x0, 0x0, 0x3d, 0xff, 0xff,
    0xff, 0xff, 0xfc, 0x0, 0x0, 0x0, 0x8, 0xff,
    0xff, 0xff, 0xff, 0xc0, 0x0, 0x0, 0x0, 0x1,
    0x7e, 0xff, 0xff, 0xfc, 0x0, 0x0, 0x0, 0x0,
    0x0, 0x2, 0x7b, 0xef, 0xc0, 0x0, 0x0, 0x0,
    0x0, 0x0, 0x0, 0x0, 0x13,

    /* U+0068 "h" */
    0x8f, 0xff, 0x20, 0x0, 0x0, 0x3f, 0xff, 0x48,
    0xff, 0xf2, 0x0, 0x0, 0x3, 0xff, 0xf4, 0x8f,
    0xff, 0x20, 0x0, 0x0, 0x3f, 0xff, 0x48, 0xff,
    0xf2, 0x0, 0x0, 0x3, 0xff, 0xf4, 0x8f, 0xff,
    0x20, 0x0, 0x0, 0x3f, 0xff, 0x48, 0xff, 0xff,
    0xff, 0xff, 0xff, 0xff, 0xf4, 0x8f, 0xff, 0xff,
    0xff, 0xff, 0xff, 0xff, 0x48, 0xff, 0xfe, 0xee,
    0xee, 0xee, 0xff, 0xf4, 0x8f, 0xff, 0x20, 0x0,
    0x0, 0x2f, 0xff, 0x48, 0xff, 0xf3, 0x22, 0x22,
    0x24, 0xff, 0xf4, 0x8f, 0xff, 0xff, 0xff, 0xff,
    0xff, 0xff, 0x48, 0xff, 0xff, 0xff, 0xff, 0xff,
    0xff, 0xf4, 0x8f, 0xff, 0xff, 0xff, 0xff, 0xff,
    0xff, 0x48, 0xff, 0xf2, 0x0, 0x0, 0x3, 0xff,
    0xf4, 0x8f, 0xff, 0x20, 0x0, 0x0, 0x3f, 0xff,
    0x48, 0xff, 0xf2, 0x0, 0x0, 0x3, 0xff, 0xf4,
    0x8f, 0xff, 0x20, 0x0, 0x0, 0x3f, 0xff, 0x48,
    0xff, 0xf2, 0x0, 0x0, 0x3, 0xff, 0xf4, 0x8f,
    0xff, 0x20, 0x0, 0x0, 0x3f, 0xff, 0x48, 0xff,
    0xf2, 0x0, 0x0, 0x3, 0xff, 0xf4, 0x8f, 0xff,
    0x20, 0x0, 0x0, 0x3f, 0xff, 0x48, 0xff, 0xf2,
    0x0, 0x0, 0x3, 0xff, 0xf4, 0x8f, 0xff, 0x20,
    0x0, 0x0, 0x3f, 0xff, 0x48, 0xff, 0xf2, 0x0,
    0x0, 0x3, 0xff, 0xf4, 0x8f, 0xff, 0x20, 0x0,
    0x0, 0x3f, 0xff, 0x40,

    /* U+0069 "i" */
    0x8f, 0xff, 0x18, 0xff, 0xf1, 0x8f, 0xff, 0x18,
    0xff, 0xf1, 0x8f, 0xff, 0x18, 0xff, 0xf1, 0x8f,
    0xff, 0x18, 0xff, 0xf1, 0x8f, 0xff, 0x18, 0xff,
    0xf1, 0x8f, 0xff, 0x18, 0xff, 0xf1, 0x8f, 0xff,
    0x18, 0xff, 0xf1, 0x8f, 0xff, 0x18, 0xff, 0xf1,
    0x8f, 0xff, 0x18, 0xff, 0xf1, 0x8f, 0xff, 0x18,
    0xff, 0xf1, 0x8f, 0xff, 0x18, 0xff, 0xf1, 0x8f,
    0xff, 0x18, 0xff, 0xf1, 0x8f, 0xff, 0x10,

    /* U+006A "j" */
    0x0, 0x0, 0x0, 0x0, 0xe, 0xff, 0xf0, 0x0,
    0x0, 0x0, 0x0, 0xef, 0xff, 0x0, 0x0, 0x0,
    0x0, 0xe, 0xff, 0xf0, 0x0, 0x0, 0x0, 0x0,
    0xef, 0xff, 0x0, 0x0, 0x0, 0x0, 0xe, 0xff,
    0xf0, 0x0, 0x0, 0x0, 0x0, 0xef, 0xff, 0x0,
    0x0, 0x0, 0x0, 0xe, 0xff, 0xf0, 0x0, 0x0,
    0x0, 0x0, 0xef, 0xff, 0x0, 0x0, 0x0, 0x0,
    0xe, 0xff, 0xf0, 0x0, 0x0, 0x0, 0x0, 0xef,
    0xff, 0x0, 0x0, 0x0, 0x0, 0xe, 0xff, 0xf0,
    0x0, 0x0, 0x0, 0x0, 0xef, 0xff, 0x0, 0x0,
    0x0, 0x0, 0xe, 0xff, 0xf0, 0x0, 0x0, 0x0,
    0x0, 0xef, 0xff, 0x0, 0x0, 0x0, 0x0, 0xe,
    0xff, 0xf0, 0x0, 0x0, 0x0, 0x0, 0xef, 0xff,
    0x0, 0x0, 0x0, 0x0, 0xe, 0xff, 0xf0, 0x0,
    0x0, 0x0, 0x0, 0xef, 0xff, 0x0, 0x0, 0x0,
    0x0, 0xe, 0xff, 0xf0, 0x0, 0x0, 0x0, 0x0,
    0xff, 0xfe, 0x1, 0x86, 0x0, 0x0, 0x3f, 0xff,
    0xc7, 0xff, 0xf4, 0x0, 0x1c, 0xff, 0xf8, 0x6f,
    0xff, 0xfd, 0xcf, 0xff, 0xff, 0x20, 0x9f, 0xff,
    0xff, 0xff, 0xff, 0x60, 0x0, 0x7f, 0xff, 0xff,
    0xfd, 0x40, 0x0, 0x0, 0x4, 0x67, 0x63, 0x0,
    0x0,

    /* U+006B "k" */
    0x8f, 0xff, 0x60, 0x0, 0x1, 0xcf, 0xff, 0x40,
    0x0, 0x8f, 0xff, 0x60, 0x0, 0x1d, 0xff, 0xf5,
    0x0, 0x0, 0x8f, 0xff, 0x60, 0x1, 0xdf, 0xff,
    0x60, 0x0, 0x0, 0x8f, 0xff, 0x60, 0x1d, 0xff,
    0xf8, 0x0, 0x0, 0x0, 0x8f, 0xff, 0x61, 0xdf,
    0xff, 0x90, 0x0, 0x0, 0x0, 0x8f, 0xff, 0x8d,
    0xff, 0xfb, 0x0, 0x0, 0x0, 0x0, 0x8f, 0xff,
    0xff, 0xff, 0xd0, 0x0, 0x0, 0x0, 0x0, 0x8f,
    0xff, 0xff, 0xff, 0xf0, 0x0, 0x0, 0x0, 0x0,
    0x8f, 0xff, 0xff, 0xff, 0xf7, 0x0, 0x0, 0x0,
    0x0, 0x8f, 0xff, 0xfb, 0xff, 0xfe, 0x0, 0x0,
    0x0, 0x0, 0x8f, 0xff, 0x60, 0xef, 0xff, 0x60,
    0x0, 0x0, 0x0, 0x8f, 0xff, 0x30, 0x8f, 0xff,
    0xd0, 0x0, 0x0, 0x0, 0x8f, 0xff, 0x30, 0x1f,
    0xff, 0xf5, 0x0, 0x0, 0x0, 0x8f, 0xff, 0x30,
    0x8, 0xff, 0xfc, 0x0, 0x0, 0x0, 0x8f, 0xff,
    0x30, 0x1, 0xff, 0xff, 0x30, 0x0, 0x0, 0x8f,
    0xff, 0x30, 0x0, 0x8f, 0xff, 0xb0, 0x0, 0x0,
    0x8f, 0xff, 0x30, 0x0, 0x1f, 0xff, 0xf2, 0x0,
    0x0, 0x8f, 0xff, 0x30, 0x0, 0x8, 0xff, 0xf9,
    0x0, 0x0, 0x8f, 0xff, 0x30, 0x0, 0x1, 0xff,
    0xff, 0x10, 0x0, 0x8f, 0xff, 0x30, 0x0, 0x0,
    0x9f, 0xff, 0x80, 0x0, 0x8f, 0xff, 0x30, 0x0,
    0x0, 0x1f, 0xff, 0xf0, 0x0, 0x8f, 0xff, 0x30,
    0x0, 0x0, 0x9, 0xff, 0xf7, 0x0, 0x8f, 0xff,
    0x30, 0x0, 0x0, 0x1, 0xff, 0xfe, 0x0, 0x8f,
    0xff, 0x30, 0x0, 0x0, 0x0, 0x9f, 0xff, 0x60,
    0x8f, 0xff, 0x30, 0x0, 0x0, 0x0, 0x2f, 0xff,
    0xd0,

    /* U+006C "l" */
    0x8f, 0xff, 0x30, 0x0, 0x0, 0x0, 0x8, 0xff,
    0xf3, 0x0, 0x0, 0x0, 0x0, 0x8f, 0xff, 0x30,
    0x0, 0x0, 0x0, 0x8, 0xff, 0xf3, 0x0, 0x0,
    0x0, 0x0, 0x8f, 0xff, 0x30, 0x0, 0x0, 0x0,
    0x8, 0xff, 0xf3, 0x0, 0x0, 0x0, 0x0, 0x8f,
    0xff, 0x30, 0x0, 0x0, 0x0, 0x8, 0xff, 0xf3,
    0x0, 0x0, 0x0, 0x0, 0x8f, 0xff, 0x30, 0x0,
    0x0, 0x0, 0x8, 0xff, 0xf3, 0x0, 0x0, 0x0,
    0x0, 0x8f, 0xff, 0x30, 0x0, 0x0, 0x0, 0x8,
    0xff, 0xf3, 0x0, 0x0, 0x0, 0x0, 0x8f, 0xff,
    0x30, 0x0, 0x0, 0x0, 0x8, 0xff, 0xf3, 0x0,
    0x0, 0x0, 0x0, 0x8f, 0xff, 0x30, 0x0, 0x0,
    0x0, 0x8, 0xff, 0xf3, 0x0, 0x0, 0x0, 0x0,
    0x8f, 0xff, 0x30, 0x0, 0x0, 0x0, 0x8, 0xff,
    0xf3, 0x0, 0x0, 0x0, 0x0, 0x8f, 0xff, 0x30,
    0x0, 0x0, 0x0, 0x8, 0xff, 0xf3, 0x0, 0x0,
    0x0, 0x0, 0x8f, 0xff, 0x30, 0x0, 0x0, 0x0,
    0x8, 0xff, 0xf7, 0x44, 0x44, 0x44, 0x40, 0x8f,
    0xff, 0xff, 0xff, 0xff, 0xff, 0x38, 0xff, 0xff,
    0xff, 0xff, 0xff, 0xf3, 0x8f, 0xff, 0xff, 0xff,
    0xff, 0xff, 0x30,

    /* U+006D "m" */
    0x8f, 0xff, 0x40, 0x0, 0x0, 0x0, 0x4, 0xff,
    0xf8, 0x8f, 0xff, 0xf2, 0x0, 0x0, 0x0, 0x2e,
    0xff, 0xf8, 0x8f, 0xff, 0xfe, 0x10, 0x0, 0x0,
    0xdf, 0xff, 0xf8, 0x8f, 0xff, 0xff, 0xc0, 0x0,
    0xa, 0xff, 0xff, 0xf8, 0x8f, 0xff, 0xff, 0xfb,
    0x0, 0x7f, 0xff, 0xff, 0xf8, 0x8f, 0xff, 0xff,
    0xff, 0x94, 0xff, 0xff, 0xff, 0xf8, 0x8f, 0xff,
    0xdf, 0xff, 0xff, 0xff, 0xff, 0xff, 0xf8, 0x8f,
    0xff, 0x6a, 0xff, 0xff, 0xff, 0xc7, 0xff, 0xf8,
    0x8f, 0xff, 0x60, 0xcf, 0xff, 0xfc, 0x16, 0xff,
    0xf8, 0x8f, 0xff, 0x60, 0x1d, 0xff, 0xd1, 0x6,
    0xff, 0xf8, 0x8f, 0xff, 0x60, 0x2, 0xed, 0x10,
    0x6, 0xff, 0xf8, 0x8f, 0xff, 0x60, 0x0, 0x31,
    0x0, 0x6, 0xff, 0xf8, 0x8f, 0xff, 0x60, 0x0,
    0x0, 0x0, 0x6, 0xff, 0xf8, 0x8f, 0xff, 0x60,
    0x0, 0x0, 0x0, 0x6, 0xff, 0xf8, 0x8f, 0xff,
    0x60, 0x0, 0x0, 0x0, 0x6, 0xff, 0xf8, 0x8f,
    0xff, 0x60, 0x0, 0x0, 0x0, 0x6, 0xff, 0xf8,
    0x8f, 0xff, 0x60, 0x9, 0xff, 0xf0, 0x6, 0xff,
    0xf8, 0x8f, 0xff, 0x60, 0x9, 0xff, 0xf0, 0x6,
    0xff, 0xf8, 0x8f, 0xff, 0x60, 0x9, 0xff, 0xf0,
    0x6, 0xff, 0xf8, 0x8f, 0xff, 0x60, 0x0, 0x0,
    0x0, 0x6, 0xff, 0xf8, 0x8f, 0xff, 0x60, 0x0,
    0x0, 0x0, 0x6, 0xff, 0xf8, 0x8f, 0xff, 0x60,
    0x1, 0x22, 0x20, 0x6, 0xff, 0xf8, 0x8f, 0xff,
    0x60, 0x9, 0xff, 0xf0, 0x6, 0xff, 0xf8, 0x8f,
    0xff, 0x60, 0x9, 0xff, 0xf0, 0x6, 0xff, 0xf8,
    0x8f, 0xff, 0x60, 0x9, 0xff, 0xf0, 0x6, 0xff,
    0xf8,

    /* U+006E "n" */
    0x8f, 0xfa, 0x0, 0x0, 0x0, 0xd, 0xff, 0x88,
    0xff, 0xf5, 0x0, 0x0, 0x0, 0xdf, 0xf8, 0x8f,
    0xff, 0xf1, 0x0, 0x0, 0xd, 0xff, 0x88, 0xff,
    0xff, 0xc0, 0x0, 0x0, 0xdf, 0xf8, 0x8f, 0xff,
    0xff, 0x70, 0x0, 0xd, 0xff, 0x88, 0xff, 0xff,
    0xff, 0x30, 0x0, 0xdf, 0xf8, 0x8f, 0xff, 0xff,
    0xfd, 0x0, 0xd, 0xff, 0x88, 0xff, 0xff, 0xff,
    0xf9, 0x0, 0xdf, 0xf8, 0x8f, 0xff, 0x7f, 0xff,
    0xf4, 0xd, 0xff, 0x88, 0xff, 0xf2, 0x9f, 0xff,
    0xe1, 0xdf, 0xf8, 0x8f, 0xff, 0x20, 0xdf, 0xff,
    0xad, 0xff, 0x88, 0xff, 0xf2, 0x2, 0xff, 0xff,
    0xff, 0xf8, 0x8f, 0xff, 0x20, 0x6, 0xff, 0xff,
    0xff, 0x88, 0xff, 0xf2, 0x0, 0xb, 0xff, 0xff,
    0xf8, 0x8f, 0xff, 0x20, 0x0, 0x1e, 0xff, 0xff,
    0x88, 0xff, 0xf2, 0x0, 0x0, 0x4f, 0xff, 0xf8,
    0x8f, 0xff, 0x20, 0x0, 0x0, 0x9f, 0xff, 0x88,
    0xff, 0xf2, 0x0, 0x0, 0x0, 0xef, 0xf8, 0x8f,
    0xff, 0x20, 0x0, 0x0, 0xd, 0xff, 0x88, 0xff,
    0xf2, 0x0, 0x0, 0x0, 0xdf, 0xf8, 0x8f, 0xff,
    0x20, 0x0, 0x0, 0xd, 0xff, 0x88, 0xff, 0xf2,
    0x0, 0x0, 0x0, 0xdf, 0xf8, 0x8f, 0xff, 0x20,
    0x0, 0x0, 0xd, 0xff, 0x88, 0xff, 0xf2, 0x0,
    0x0, 0x0, 0xdf, 0xf8, 0x8f, 0xff, 0x20, 0x0,
    0x0, 0xd, 0xff, 0x80,

    /* U+006F "o" */
    0x0, 0x0, 0x6, 0xbe, 0xfe, 0xb5, 0x0, 0x0,
    0x0, 0x0, 0x4e, 0xff, 0xff, 0xff, 0xfd, 0x20,
    0x0, 0x0, 0x5f, 0xff, 0xff, 0xff, 0xff, 0xff,
    0x30, 0x0, 0x2f, 0xff, 0xfe, 0x75, 0x7d, 0xff,
    0xfe, 0x10, 0xa, 0xff, 0xfa, 0x0, 0x0, 0x8,
    0xff, 0xf9, 0x0, 0xff, 0xfd, 0x0, 0x0, 0x0,
    0xa, 0xff, 0xf0, 0x4f, 0xff, 0x50, 0x0, 0x0,
    0x0, 0x3f, 0xff, 0x45, 0xff, 0xf2, 0x0, 0x0,
    0x0, 0x1, 0xff, 0xf6, 0x5f, 0xff, 0x40, 0x0,
    0x0, 0x0, 0x2f, 0xff, 0x63, 0xff, 0xf9, 0x0,
    0x0, 0x0, 0x7, 0xff, 0xf4, 0xe, 0xff, 0xf4,
    0x0, 0x0, 0x3, 0xff, 0xff, 0x0, 0x7f, 0xff,
    0xf9, 0x20, 0x17, 0xff, 0xff, 0x80, 0x0, 0xbf,
    0xff, 0xff, 0xff, 0xff, 0xff, 0xd0, 0x0, 0x0,
    0xbf, 0xff, 0xff, 0xff, 0xff, 0xd1, 0x0, 0x0,
    0x0, 0x5d, 0xff, 0xff, 0xfe, 0x70, 0x0, 0x0,
    0x0, 0x0, 0x1, 0x46, 0x53, 0x0, 0x0, 0x0,
    0x0, 0x0, 0x0, 0x0, 0x0, 0x0, 0x0, 0x0,
    0x0, 0x0, 0x0, 0x0, 0x0, 0x0, 0x0, 0x0,
    0x0, 0x0, 0x0, 0x0, 0x0, 0x0, 0x0, 0x0,
    0x0, 0x0, 0x0, 0x0, 0x0, 0x0, 0x0, 0x0,
    0x0, 0x0, 0x0, 0x0, 0x0, 0x0, 0x0, 0x0,
    0x0, 0x0, 0x0, 0x0, 0x0, 0x4, 0xaa, 0xa7,
    0x0, 0x0, 0x0, 0x0, 0x0, 0x0, 0x7f, 0xff,
    0xb0, 0x0, 0x0, 0x0, 0x0, 0x0, 0x7, 0xff,
    0xfb, 0x0, 0x0, 0x0, 0x0, 0x0, 0x0, 0x7f,
    0xff, 0xb0, 0x0, 0x0, 0x0,

    /* U+0070 "p" */
    0x8f, 0xff, 0xff, 0xff, 0xeb, 0x60, 0x0, 0x8f,
    0xff, 0xff, 0xff, 0xff, 0xfd, 0x30, 0x8f, 0xff,
    0xff, 0xff, 0xff, 0xff, 0xf2, 0x8f, 0xff, 0x86,
    0x67, 0x9d, 0xff, 0xfa, 0x8f, 0xff, 0x30, 0x0,
    0x0, 0xdf, 0xfe, 0x8f, 0xff, 0x30, 0x0, 0x0,
    0xaf, 0xfe, 0x8f, 0xff, 0x30, 0x0, 0x0, 0xef,
    0xfc, 0x8f, 0xff, 0x30, 0x0, 0xa, 0xff, 0xf7,
    0x8f, 0xff, 0x30, 0x6, 0xdf, 0xff, 0xf1, 0x8f,
    0xff, 0x8a, 0xff, 0xff, 0xff, 0x60, 0x8f, 0xff,
    0xff, 0xff, 0xff, 0xf6, 0x0, 0x8f, 0xff, 0xff,
    0xff, 0xf9, 0x20, 0x0, 0x8f, 0xff, 0xff, 0xa5,
    0x0, 0x0, 0x0, 0x8f, 0xff, 0x50, 0x0, 0x0,
    0x0, 0x0, 0x8f, 0xff, 0x0, 0x0, 0x0, 0x0,
    0x0, 0x8f, 0xff, 0x0, 0x0, 0x0, 0x0, 0x0,
    0x8f, 0xff, 0x0, 0x0, 0x0, 0x0, 0x0, 0x8f,
    0xff, 0x0, 0x0, 0x0, 0x0, 0x0, 0x8f, 0xff,
    0x0, 0x0, 0x0, 0x0, 0x0, 0x8f, 0xff, 0x0,
    0x0, 0x0, 0x0, 0x0, 0x8f, 0xff, 0x0, 0x0,
    0x0, 0x0, 0x0, 0x8f, 0xff, 0x0, 0x0, 0x0,
    0x0, 0x0, 0x8f, 0xff, 0x0, 0x0, 0x0, 0x0,
    0x0, 0x8f, 0xff, 0x0, 0x0, 0x0, 0x0, 0x0,
    0x8f, 0xff, 0x0, 0x0, 0x0, 0x0, 0x0,

    /* U+0071 "q" */
    0x0, 0x0, 0x1, 0x7c, 0xef, 0xfd, 0x92, 0x0,
    0x0, 0x0, 0x0, 0x0, 0x6f, 0xff, 0xff, 0xff,
    0xff, 0x70, 0x0, 0x0, 0x0, 0x7, 0xff, 0xff,
    0xff, 0xff, 0xff, 0xfa, 0x0, 0x0, 0x0, 0x3f,
    0xff, 0xfd, 0x85, 0x6b, 0xff, 0xff, 0x70, 0x0,
    0x0, 0xbf, 0xff, 0x70, 0x0, 0x0, 0x5f, 0xff,
    0xf2, 0x0, 0x2, 0xff, 0xf9, 0x0, 0x0, 0x0,
    0x6, 0xff, 0xfa, 0x0, 0x7, 0xff, 0xf1, 0x0,
    0x0, 0x0, 0x0, 0xdf, 0xff, 0x0, 0xb, 0xff,
    0xb0, 0x0, 0x0, 0x0, 0x0, 0x6f, 0xff, 0x50,
    0xd, 0xff, 0x70, 0x0, 0x0, 0x0, 0x0, 0x1f,
    0xff, 0x90, 0xf, 0xff, 0x40, 0x0, 0x0, 0x0,
    0x0, 0xe, 0xff, 0xc0, 0x1f, 0xff, 0x30, 0x0,
    0x0, 0x0, 0x0, 0xc, 0xff, 0xd0, 0x1f, 0xff,
    0x20, 0x0, 0x11, 0x10, 0x0, 0xb, 0xff, 0xe0,
    0x2f, 0xff, 0x20, 0x0, 0xef, 0xfa, 0x0, 0xa,
    0xff, 0xe0, 0x2f, 0xff, 0x30, 0x0, 0xef, 0xfa,
    0x0, 0xb, 0xff, 0xd0, 0x1f, 0xff, 0x40, 0x0,
    0xef, 0xfa, 0x0, 0xd, 0xff, 0xb0, 0xf, 0xff,
    0x80, 0x0, 0xef, 0xfa, 0x0, 0x1f, 0xff, 0x90,
    0xb, 0xff, 0xe0, 0x0, 0xef, 0xfa, 0x0, 0x6f,
    0xff, 0x50, 0x6, 0xff, 0xf6, 0x0, 0xef, 0xfa,
    0x0, 0xcf, 0xff, 0x10, 0x0, 0xef, 0xfe, 0x10,
    0xdf, 0xfa, 0x4, 0xff, 0xfa, 0x0, 0x0, 0x6f,
    0xff, 0xc1, 0xcf, 0xfa, 0x1e, 0xff, 0xf3, 0x0,
    0x0, 0xb, 0xff, 0xfe, 0xef, 0xfe, 0xff, 0xff,
    0x80, 0x0, 0x0, 0x0, 0xcf, 0xff, 0xff, 0xff,
    0xff, 0xfa, 0x0, 0x0, 0x0, 0x0, 0x8, 0xff,
    0xff, 0xff, 0xff, 0x80, 0x0, 0x0, 0x0, 0x0,
    0x0, 0x28, 0xff, 0xff, 0x92, 0x0, 0x1, 0x41,
    0x0, 0x0, 0x0, 0x0, 0xef, 0xf9, 0x14, 0x7a,
    0xef, 0xf2, 0x0, 0x0, 0x0, 0x0, 0xef, 0xff,
    0xff, 0xff, 0xff, 0xf2, 0x0, 0x0, 0x0, 0x0,
    0xef, 0xff, 0xff, 0xff, 0xfe, 0xa0, 0x0, 0x0,
    0x0, 0x0, 0xef, 0xff, 0xfe, 0xb7, 0x30, 0x0,
    0x0, 0x0, 0x0, 0x0, 0xed, 0x96, 0x20, 0x0,
    0x0, 0x0, 0x0, 0x0, 0x0, 0x0, 0x0, 0x0,
    0x0, 0x0, 0x0, 0x0,

    /* U+0072 "r" */
    0x8f, 0xff, 0xff, 0xff, 0xff, 0xd8, 0x10, 0x0,
    0x8, 0xff, 0xff, 0xff, 0xff, 0xff, 0xfe, 0x20,
    0x0, 0x8f, 0xff, 0xff, 0xff, 0xff, 0xff, 0xfd,
    0x0, 0x8, 0xff, 0xf4, 0x33, 0x33, 0x6f, 0xff,
    0xf3, 0x0, 0x8f, 0xff, 0x20, 0x0, 0x0, 0x9f,
    0xff, 0x50, 0x8, 0xff, 0xf2, 0x0, 0x0, 0x9,
    0xff, 0xf5, 0x0, 0x8f, 0xff, 0x20, 0x0, 0x3,
    0xef, 0xff, 0x30, 0x8, 0xff, 0xff, 0xff, 0xff,
    0xff, 0xff, 0xd0, 0x0, 0x8f, 0xff, 0xff, 0xff,
    0xff, 0xff, 0xe3, 0x0, 0x8, 0xff, 0xff, 0xff,
    0xff, 0xff, 0x91, 0x0, 0x0, 0x8f, 0xff, 0xad,
    0xff, 0xfa, 0x0, 0x0, 0x0, 0x8, 0xff, 0xf2,
    0x5f, 0xff, 0xe0, 0x0, 0x0, 0x0, 0x8f, 0xff,
    0x20, 0xdf, 0xff, 0x70, 0x0, 0x0, 0x8, 0xff,
    0xf2, 0x5, 0xff, 0xfe, 0x0, 0x0, 0x0, 0x8f,
    0xff, 0x20, 0xd, 0xff, 0xf7, 0x0, 0x0, 0x8,
    0xff, 0xf2, 0x0, 0x5f, 0xff, 0xe0, 0x0, 0x0,
    0x8f, 0xff, 0x20, 0x0, 0xdf, 0xff, 0x70, 0x0,
    0x8, 0xff, 0xf2, 0x0, 0x5, 0xff, 0xfe, 0x0,
    0x0, 0x8f, 0xff, 0x20, 0x0, 0xc, 0xff, 0xf7,
    0x0, 0x8, 0xff, 0xf2, 0x0, 0x0, 0x5f, 0xff,
    0xe0, 0x0, 0x8f, 0xff, 0x20, 0x0, 0x0, 0xcf,
    0xff, 0x70, 0x8, 0xff, 0xf2, 0x0, 0x0, 0x5,
    0xff, 0xfe, 0x0, 0x8f, 0xff, 0x20, 0x0, 0x0,
    0xc, 0xff, 0xf7, 0x8, 0xff, 0xf2, 0x0, 0x0,
    0x0, 0x5f, 0xff, 0xe0, 0x8f, 0xff, 0x20, 0x0,
    0x0, 0x0, 0xcf, 0xff, 0x70,

    /* U+0073 "s" */
    0x0, 0x0, 0x18, 0xce, 0xfc, 0x71, 0x0, 0x0,
    0x0, 0x4f, 0xff, 0xff, 0xff, 0xb0, 0x0, 0x0,
    0xe, 0xff, 0xff, 0xff, 0xf8, 0x0, 0x0, 0x4,
    0xff, 0xfe, 0xac, 0xff, 0x40, 0x0, 0x0, 0x5f,
    0xff, 0x30, 0x0, 0x30, 0x0, 0x0, 0x3, 0xff,
    0xf5, 0x0, 0x0, 0x0, 0x0, 0x0, 0xe, 0xff,
    0xd0, 0x0, 0x0, 0x0, 0x0, 0x0, 0x6f, 0xff,
    0xb0, 0x0, 0x0, 0x0, 0x0, 0x0, 0xcf, 0xff,
    0xb0, 0x0, 0x0, 0x0, 0x0, 0x1, 0xef, 0xff,
    0x90, 0x0, 0x0, 0x0, 0x0, 0x3, 0xff, 0xff,
    0x70, 0x0, 0x0, 0x0, 0x0, 0x3, 0xff, 0xff,
    0x50, 0x0, 0x0, 0x0, 0x0, 0x4, 0xff, 0xff,
    0x20, 0x0, 0x0, 0x0, 0x0, 0x5, 0xff, 0xfc,
    0x0, 0x0, 0x0, 0x0, 0x0, 0x9, 0xff, 0xf5,
    0x0, 0x0, 0x0, 0x0, 0x0, 0xe, 0xff, 0xc0,
    0x0, 0x0, 0x0, 0x0, 0x0, 0x8f, 0xff, 0x0,
    0x0, 0x0, 0x0, 0x0, 0x6, 0xff, 0xf2, 0x0,
    0x0, 0x0, 0x0, 0x0, 0x7f, 0xff, 0x10, 0x0,
    0x0, 0x0, 0x0, 0xb, 0xff, 0xf0, 0x0, 0x55,
    0x0, 0x0, 0x6, 0xff, 0xf9, 0x0, 0xe, 0xfe,
    0xa8, 0x9d, 0xff, 0xff, 0x10, 0x8, 0xff, 0xff,
    0xff, 0xff, 0xff, 0x50, 0x0, 0xef, 0xff, 0xff,
    0xff, 0xfe, 0x40, 0x0, 0x1, 0x6a, 0xde, 0xff,
    0xd8, 0x10, 0x0, 0x0,

    /* U+0074 "t" */
    0x3f, 0xff, 0xff, 0xff, 0xff, 0xff, 0xff, 0xff,
    0x73, 0xff, 0xff, 0xff, 0xff, 0xff, 0xff, 0xff,
    0xf7, 0x3f, 0xff, 0xff, 0xff, 0xff, 0xff, 0xff,
    0xff, 0x72, 0xaa, 0xaa, 0xac, 0xff, 0xfe, 0xaa,
    0xaa, 0xa4, 0x0, 0x0, 0x0, 0x5f, 0xff, 0xb0,
    0x0, 0x0, 0x0, 0x0, 0x0, 0x5, 0xff, 0xfb,
    0x0, 0x0, 0x0, 0x0, 0x0, 0x0, 0x5f, 0xff,
    0xb0, 0x0, 0x0, 0x0, 0x0, 0x0, 0x5, 0xff,
    0xfb, 0x0, 0x0, 0x0, 0x0, 0x0, 0x0, 0x5f,
    0xff, 0xb0, 0x0, 0x0, 0x0, 0x0, 0x0, 0x5,
    0xff, 0xfb, 0x0, 0x0, 0x0, 0x0, 0x0, 0x0,
    0x5f, 0xff, 0xb0, 0x0, 0x0, 0x0, 0x0, 0x0,
    0x5, 0xff, 0xfb, 0x0, 0x0, 0x0, 0x0, 0x0,
    0x0, 0x5f, 0xff, 0xb0, 0x0, 0x0, 0x0, 0x0,
    0x0, 0x5, 0xff, 0xfb, 0x0, 0x0, 0x0, 0x0,
    0x0, 0x0, 0x5f, 0xff, 0xb0, 0x0, 0x0, 0x0,
    0x0, 0x0, 0x5, 0xff, 0xfb, 0x0, 0x0, 0x0,
    0x0, 0x0, 0x0, 0x5f, 0xff, 0xb0, 0x0, 0x0,
    0x0, 0x0, 0x0, 0x5, 0xff, 0xfb, 0x0, 0x0,
    0x0, 0x0, 0x0, 0x0, 0x5f, 0xff, 0xb0, 0x0,
    0x0, 0x0, 0x0, 0x0, 0x5, 0xff, 0xfb, 0x0,
    0x0, 0x0, 0x0, 0x0, 0x0, 0x5f, 0xff, 0xb0,
    0x0, 0x0, 0x0, 0x0, 0x0, 0x5, 0xff, 0xfb,
    0x0, 0x0, 0x0, 0x0, 0x0, 0x0, 0x5f, 0xff,
    0xb0, 0x0, 0x0, 0x0, 0x0, 0x0, 0x5, 0xff,
    0xfb, 0x0, 0x0, 0x0, 0x0, 0x0, 0x0, 0x5f,
    0xff, 0xb0, 0x0, 0x0, 0x0,

    /* U+0075 "u" */
    0xaf, 0xff, 0x20, 0x0, 0x0, 0x9, 0xff, 0xf0,
    0xaf, 0xff, 0x20, 0x0, 0x0, 0x9, 0xff, 0xf0,
    0xaf, 0xff, 0x20, 0x0, 0x0, 0x9, 0xff, 0xf0,
    0xaf, 0xff, 0x20, 0x0, 0x0, 0x9, 0xff, 0xf0,
    0xaf, 0xff, 0x20, 0x0, 0x0, 0x9, 0xff, 0xf0,
    0xaf, 0xff, 0x20, 0x0, 0x0, 0x9, 0xff, 0xf0,
    0xaf, 0xff, 0x20, 0x0, 0x0, 0x9, 0xff, 0xf0,
    0xaf, 0xff, 0x20, 0x0, 0x0, 0x9, 0xff, 0xf0,
    0xaf, 0xff, 0x20, 0x0, 0x0, 0x9, 0xff, 0xf0,
    0xaf, 0xff, 0x20, 0x0, 0x0, 0x9, 0xff, 0xf0,
    0xaf, 0xff, 0x20, 0x0, 0x0, 0x9, 0xff, 0xf0,
    0xaf, 0xff, 0x20, 0x0, 0x0, 0x9, 0xff, 0xf0,
    0xaf, 0xff, 0x20, 0x0, 0x0, 0x9, 0xff, 0xf0,
    0xaf, 0xff, 0x20, 0x0, 0x0, 0x9, 0xff, 0xf0,
    0xaf, 0xff, 0x20, 0x0, 0x0, 0x9, 0xff, 0xf0,
    0xaf, 0xff, 0x20, 0x0, 0x0, 0x9, 0xff, 0xf0,
    0xaf, 0xff, 0x20, 0x0, 0x0, 0x9, 0xff, 0xf0,
    0xaf, 0xff, 0x20, 0x0, 0x0, 0x9, 0xff, 0xf0,
    0xaf, 0xff, 0x20, 0x0, 0x0, 0xa, 0xff, 0xf0,
    0x9f, 0xff, 0x50, 0x0, 0x0, 0xc, 0xff, 0xf0,
    0x5f, 0xff, 0xb0, 0x0, 0x0, 0x3f, 0xff, 0xc0,
    0xe, 0xff, 0xf8, 0x0, 0x3, 0xdf, 0xff, 0x70,
    0x5, 0xff, 0xff, 0xfd, 0xef, 0xff, 0xfe, 0x0,
    0x0, 0x7f, 0xff, 0xff, 0xff, 0xff, 0xe3, 0x0,
    0x0, 0x3, 0xcf, 0xff, 0xff, 0xfa, 0x10, 0x0,
    0x0, 0x0, 0x2, 0x57, 0x75, 0x10, 0x0, 0x0,

    /* U+0076 "v" */
    0x3f, 0xff, 0x50, 0x0, 0x0, 0x0, 0x9, 0xff,
    0xe0, 0xf, 0xff, 0x90, 0x0, 0x0, 0x0, 0xd,
    0xff, 0xa0, 0xb, 0xff, 0xd0, 0x0, 0x0, 0x0,
    0x2f, 0xff, 0x60, 0x7, 0xff, 0xf2, 0x0, 0x0,
    0x0, 0x6f, 0xff, 0x20, 0x3, 0xff, 0xf6, 0x0,
    0x0, 0x0, 0xaf, 0xfe, 0x0, 0x0, 0xff, 0xfa,
    0x0, 0x0, 0x0, 0xef, 0xfa, 0x0, 0x0, 0xbf,
    0xff, 0x0, 0x0, 0x2, 0xff, 0xf6, 0x0, 0x0,
    0x7f, 0xff, 0x30, 0x0, 0x6, 0xff, 0xf2, 0x0,
    0x0, 0x3f, 0xff, 0x70, 0x0, 0xb, 0xff, 0xe0,
    0x0, 0x0, 0xf, 0xff, 0xc0, 0x0, 0xe, 0xff,
    0xa0, 0x0, 0x0, 0xb, 0xff, 0xf0, 0x0, 0x3f,
    0xff, 0x60, 0x0, 0x0, 0x7, 0xff, 0xf4, 0x0,
    0x7f, 0xff, 0x20, 0x0, 0x0, 0x3, 0xff, 0xf9,
    0x0, 0xbf, 0xfe, 0x0, 0x0, 0x0, 0x0, 0xff,
    0xfd, 0x0, 0xff, 0xfa, 0x0, 0x0, 0x0, 0x0,
    0xbf, 0xff, 0x13, 0xff, 0xf5, 0x0, 0x0, 0x0,
    0x0, 0x7f, 0xff, 0x68, 0xff, 0xf1, 0x0, 0x0,
    0x0, 0x0, 0x3f, 0xff, 0xac, 0xff, 0xd0, 0x0,
    0x0, 0x0, 0x0, 0xe, 0xff, 0xef, 0xff, 0x90,
    0x0, 0x0, 0x0, 0x0, 0xb, 0xff, 0xff, 0xff,
    0x50, 0x0, 0x0, 0x0, 0x0, 0x7, 0xff, 0xff,
    0xff, 0x10, 0x0, 0x0, 0x0, 0x0, 0x2, 0xff,
    0xff, 0xfd, 0x0, 0x0, 0x0, 0x0, 0x0, 0x0,
    0xef, 0xff, 0xf9, 0x0, 0x0, 0x0, 0x0, 0x0,
    0x0, 0xaf, 0xff, 0xf5, 0x0, 0x0, 0x0, 0x0,
    0x0, 0x0, 0x6f, 0xff, 0xf1, 0x0, 0x0, 0x0,
    0x0, 0x0, 0x0, 0x2f, 0xff, 0xd0, 0x0, 0x0,
    0x0,

    /* U+0077 "w" */
    0xe, 0xff, 0xf3, 0x0, 0x7f, 0xff, 0x0, 0xff,
    0xfa, 0x0, 0xf, 0xff, 0xa0, 0x8f, 0xff, 0x70,
    0x3, 0xff, 0xf4, 0x4f, 0xff, 0x60, 0x4, 0xff,
    0xf6, 0x3, 0xff, 0xfb, 0x0, 0xf, 0xff, 0x88,
    0xff, 0xf2, 0x0, 0x8f, 0xff, 0x10, 0xe, 0xff,
    0xf0, 0x0, 0xcf, 0xfc, 0xbf, 0xfe, 0x0, 0xc,
    0xff, 0xd0, 0x0, 0xaf, 0xff, 0x30, 0x8, 0xff,
    0xff, 0xff, 0xa0, 0x0, 0xff, 0xf9, 0x0, 0x6,
    0xff, 0xf8, 0x0, 0x4f, 0xff, 0xff, 0xf6, 0x0,
    0x4f, 0xff, 0x50, 0x0, 0x1f, 0xff, 0xc0, 0x0,
    0xff, 0xff, 0xff, 0x20, 0x9, 0xff, 0xf1, 0x0,
    0x0, 0xdf, 0xff, 0x0, 0xc, 0xff, 0xff, 0xe0,
    0x0, 0xdf, 0xfc, 0x0, 0x0, 0x9, 0xff, 0xf4,
    0x0, 0x8f, 0xff, 0xfa, 0x0, 0x1f, 0xff, 0x80,
    0x0, 0x0, 0x4f, 0xff, 0x80, 0x5, 0xff, 0xff,
    0x50, 0x5, 0xff, 0xf3, 0x0, 0x0, 0x0, 0xff,
    0xfc, 0x0, 0x1f, 0xff, 0xf1, 0x0, 0x9f, 0xff,
    0x0, 0x0, 0x0, 0xc, 0xff, 0xf1, 0x0, 0xff,
    0xff, 0x0, 0xd, 0xff, 0xb0, 0x0, 0x0, 0x0,
    0x8f, 0xff, 0x40, 0x2f, 0xff, 0xf4, 0x2, 0xff,
    0xf6, 0x0, 0x0, 0x0, 0x3, 0xff, 0xf9, 0x6,
    0xff, 0xff, 0x80, 0x6f, 0xff, 0x20, 0x0, 0x0,
    0x0, 0xf, 0xff, 0xd0, 0xaf, 0xff, 0xfc, 0xa,
    0xff, 0xe0, 0x0, 0x0, 0x0, 0x0, 0xbf, 0xff,
    0x1e, 0xff, 0xff, 0xf1, 0xef, 0xfa, 0x0, 0x0,
    0x0, 0x0, 0x7, 0xff, 0xf8, 0xff, 0xff, 0xff,
    0x8f, 0xff, 0x50, 0x0, 0x0, 0x0, 0x0, 0x3f,
    0xff, 0xff, 0xff, 0xff, 0xff, 0xff, 0xf1, 0x0,
    0x0, 0x0, 0x0, 0x0, 0xef, 0xff, 0xff, 0xef,
    0xff, 0xff, 0xfd, 0x0, 0x0, 0x0, 0x0, 0x0,
    0xa, 0xff, 0xff, 0xf9, 0xbf, 0xff, 0xff, 0x80,
    0x0, 0x0, 0x0, 0x0, 0x0, 0x6f, 0xff, 0xff,
    0x58, 0xff, 0xff, 0xf4, 0x0, 0x0, 0x0, 0x0,
    0x0, 0x2, 0xff, 0xff, 0xf1, 0x4f, 0xff, 0xff,
    0x0, 0x0, 0x0, 0x0, 0x0, 0x0, 0xd, 0xff,
    0xfc, 0x0, 0xff, 0xff, 0xb0, 0x0, 0x0, 0x0,
    0x0, 0x0, 0x0, 0x9f, 0xff, 0x80, 0xc, 0xff,
    0xf7, 0x0, 0x0, 0x0, 0x0, 0x0, 0x0, 0x4,
    0xff, 0xf4, 0x0, 0x8f, 0xff, 0x30, 0x0, 0x0,
    0x0,

    /* U+0078 "x" */
    0x0, 0x9, 0xff, 0xf3, 0x0, 0x0, 0xaf, 0xff,
    0x20, 0x0, 0x0, 0x2f, 0xff, 0xb0, 0x0, 0x2f,
    0xff, 0xb0, 0x0, 0x0, 0x0, 0xaf, 0xff, 0x40,
    0xa, 0xff, 0xf3, 0x0, 0x0, 0x0, 0x2, 0xff,
    0xfc, 0x2, 0xff, 0xfc, 0x0, 0x0, 0x0, 0x0,
    0xa, 0xff, 0xf5, 0xaf, 0xff, 0x40, 0x0, 0x0,
    0x0, 0x0, 0x2f, 0xff, 0xef, 0xff, 0xc0, 0x0,
    0x0, 0x0, 0x0, 0x0, 0xbf, 0xff, 0xff, 0xf5,
    0x0, 0x0, 0x0, 0x0, 0x0, 0x3, 0xff, 0xff,
    0xfd, 0x0, 0x0, 0x0, 0x0, 0x0, 0x0, 0xb,
    0xff, 0xff, 0x60, 0x0, 0x0, 0x0, 0x0, 0x0,
    0x0, 0x4f, 0xff, 0xf0, 0x0, 0x0, 0x0, 0x0,
    0x0, 0x0, 0x8, 0xff, 0xff, 0x30, 0x0, 0x0,
    0x0, 0x0, 0x0, 0x0, 0xef, 0xff, 0xfa, 0x0,
    0x0, 0x0, 0x0, 0x0, 0x0, 0x6f, 0xff, 0xff,
    0xf1, 0x0, 0x0, 0x0, 0x0, 0x0, 0xd, 0xff,
    0xff, 0xff, 0x80, 0x0, 0x0, 0x0, 0x0, 0x5,
    0xff, 0xfc, 0xff, 0xfe, 0x0, 0x0, 0x0, 0x0,
    0x0, 0xcf, 0xff, 0x2b, 0xff, 0xf6, 0x0, 0x0,
    0x0, 0x0, 0x3f, 0xff, 0xa0, 0x4f, 0xff, 0xd0,
    0x0, 0x0, 0x0, 0xa, 0xff, 0xf2, 0x0, 0xdf,
    0xff, 0x40, 0x0, 0x0, 0x2, 0xff, 0xfb, 0x0,
    0x5, 0xff, 0xfb, 0x0, 0x0, 0x0, 0x9f, 0xff,
    0x40, 0x0, 0xe, 0xff, 0xf2, 0x0, 0x0, 0x1f,
    0xff, 0xc0, 0x0, 0x0, 0x7f, 0xff, 0x90, 0x0,
    0x7, 0xff, 0xf5, 0x0, 0x0, 0x0, 0xef, 0xff,
    0x10, 0x0, 0xef, 0xfd, 0x0, 0x0, 0x0, 0x8,
    0xff, 0xf7, 0x0, 0x5f, 0xff, 0x70, 0x0, 0x0,
    0x0, 0x1f, 0xff, 0xe0, 0xd, 0xff, 0xf0, 0x0,
    0x0, 0x0, 0x0, 0x9f, 0xff, 0x50,

    /* U+0079 "y" */
    0x3f, 0xff, 0xc0, 0x0, 0x0, 0x0, 0xbf, 0xfe,
    0x10, 0xaf, 0xff, 0x50, 0x0, 0x0, 0x4f, 0xff,
    0x60, 0x2, 0xff, 0xfd, 0x0, 0x0, 0xd, 0xff,
    0xd0, 0x0, 0x8, 0xff, 0xf7, 0x0, 0x7, 0xff,
    0xf4, 0x0, 0x0, 0x1e, 0xff, 0xe1, 0x1, 0xff,
    0xfb, 0x0, 0x0, 0x0, 0x7f, 0xff, 0x80, 0xaf,
    0xff, 0x20, 0x0, 0x0, 0x0, 0xef, 0xff, 0x6f,
    0xff, 0x80, 0x0, 0x0, 0x0, 0x5, 0xff, 0xff,
    0xff, 0xe0, 0x0, 0x0, 0x0, 0x0, 0xc, 0xff,
    0xff, 0xf6, 0x0, 0x0, 0x0, 0x0, 0x0, 0x4f,
    0xff, 0xfd, 0x0, 0x0, 0x0, 0x0, 0x0, 0x0,
    0xbf, 0xff, 0x40, 0x0, 0x0, 0x0, 0x0, 0x0,
    0x7, 0xff, 0xf0, 0x0, 0x0, 0x0, 0x0, 0x0,
    0x0, 0x7f, 0xff, 0x0, 0x0, 0x0, 0x0, 0x0,
    0x0, 0x7, 0xff, 0xf0, 0x0, 0x0, 0x0, 0x0,
    0x0, 0x0, 0x7f, 0xff, 0x0, 0x0, 0x0, 0x0,
    0x0, 0x0, 0x7, 0xff, 0xf0, 0x0, 0x0, 0x0,
    0x0, 0x0, 0x0, 0x7f, 0xff, 0x0, 0x0, 0x0,
    0x0, 0x0, 0x0, 0x7, 0xff, 0xf0, 0x0, 0x0,
    0x0, 0x0, 0x0, 0x0, 0x7f, 0xff, 0x0, 0x0,
    0x0, 0x0, 0x0, 0x0, 0x7, 0xff, 0xf0, 0x0,
    0x0, 0x0, 0x0, 0x0, 0x0, 0x7f, 0xff, 0x0,
    0x0, 0x0, 0x0, 0x0, 0x0, 0x7, 0xff, 0xf0,
    0x0, 0x0, 0x0, 0x0, 0x0, 0x0, 0x7f, 0xff,
    0x0, 0x0, 0x0, 0x0, 0x0, 0x0, 0x7, 0xff,
    0xf0, 0x0, 0x0, 0x0, 0x0, 0x0, 0x0, 0x7f,
    0xff, 0x0, 0x0, 0x0, 0x0,

    /* U+007A "z" */
    0x0, 0xff, 0xff, 0xff, 0xff, 0xff, 0xff, 0x50,
    0x0, 0xf, 0xff, 0xff, 0xff, 0xff, 0xff, 0xd0,
    0x0, 0x0, 0xef, 0xff, 0xff, 0xff, 0xff, 0xf5,
    0x0, 0x0, 0x0, 0x0, 0x0, 0x0, 0x3f, 0xfe,
    0x0, 0x0, 0x0, 0x0, 0x0, 0x0, 0xb, 0xff,
    0x70, 0x0, 0x0, 0x0, 0x0, 0x0, 0x3, 0xff,
    0xf0, 0x0, 0x0, 0x0, 0x0, 0x0, 0x0, 0xbf,
    0xf9, 0x0, 0x0, 0x0, 0x0, 0x0, 0x0, 0x2f,
    0xff, 0x20, 0x0, 0x0, 0x0, 0x0, 0x0, 0xa,
    0xff, 0xa0, 0x0, 0x0, 0x0, 0x0, 0x0, 0x2,
    0xff, 0xf3, 0x0, 0x0, 0x0, 0x0, 0x0, 0x0,
    0x9f, 0xfc, 0x0, 0x0, 0x0, 0x0, 0x0, 0x0,
    0x1f, 0xff, 0x50, 0x0, 0x0, 0x0, 0x0, 0x0,
    0x8, 0xff, 0xe0, 0x0, 0x0, 0x0, 0x0, 0x0,
    0x1, 0xff, 0xf7, 0x0, 0x0, 0x0, 0x0, 0x0,
    0x0, 0x7f, 0xff, 0x10, 0x0, 0x0, 0x0, 0x0,
    0x0, 0xe, 0xff, 0x90, 0x0, 0x0, 0x0, 0x0,
    0x0, 0x6, 0xff, 0xf2, 0x0, 0x0, 0x0, 0x0,
    0x0, 0x0, 0xdf, 0xfa, 0x0, 0x0, 0x0, 0x0,
    0x0, 0x0, 0x4f, 0xff, 0x30, 0x0, 0x0, 0x0,
    0x0, 0x0, 0xb, 0xff, 0xc0, 0x0, 0x0, 0x0,
    0x0, 0x0, 0x1, 0xff, 0xf5, 0x0, 0x0, 0x0,
    0x0, 0x0, 0x0, 0x8f, 0xfe, 0x0, 0x0, 0x0,
    0x0, 0x0, 0x0, 0xe, 0xff, 0xff, 0xff, 0xff,
    0xff, 0xff, 0xff, 0x43, 0xff, 0xff, 0xff, 0xff,
    0xff, 0xff, 0xff, 0xf5, 0x7f, 0xff, 0xff, 0xff,
    0xff, 0xff, 0xff, 0xff, 0x50,

    /* U+007B "{" */
    0x0, 0x0, 0x0, 0x7c, 0xd7, 0x10, 0x0, 0x1,
    0xdf, 0xd1, 0x0, 0x0, 0x0, 0xbf, 0xf6, 0x0,
    0x0, 0x0, 0xf, 0xff, 0x10, 0x0, 0x0, 0x2,
    0xff, 0xf0, 0x0, 0x0, 0x0, 0x3f, 0xff, 0x0,
    0x0, 0x0, 0x3, 0xff, 0xf0, 0x0, 0x0, 0x0,
    0x3f, 0xff, 0x0, 0x0, 0x0, 0x3, 0xff, 0xf0,
    0x0, 0x0, 0x0, 0x3f, 0xff, 0x0, 0x0, 0x0,
    0x3, 0xff, 0xf0, 0x0, 0x0, 0x0, 0x3f, 0xff,
    0x0, 0x0, 0x0, 0x3, 0xff, 0xf0, 0x0, 0x0,
    0x0, 0x3f, 0xfe, 0x0, 0x0, 0x0, 0x5, 0xff,
    0xa0, 0x0, 0x0, 0x0, 0xcf, 0xe2, 0x0, 0x0,
    0x3, 0xde, 0x91, 0x0, 0x0, 0x3, 0x9f, 0xb5,
    0x0, 0x0, 0x0, 0x0, 0x3e, 0xfb, 0x0, 0x0,
    0x0, 0x0, 0x6f, 0xf7, 0x0, 0x0, 0x0, 0x3,
    0xff, 0xc0, 0x0, 0x0, 0x0, 0x3f, 0xfe, 0x0,
    0x0, 0x0, 0x3, 0xff, 0xf0, 0x0, 0x0, 0x0,
    0x3f, 0xff, 0x0, 0x0, 0x0, 0x3, 0xff, 0xf0,
    0x0, 0x0, 0x0, 0x3f, 0xff, 0x0, 0x0, 0x0,
    0x3, 0xff, 0xf0, 0x0, 0x0, 0x0, 0x3f, 0xff,
    0x0, 0x0, 0x0, 0x3, 0xff, 0xf0, 0x0, 0x0,
    0x0, 0x2f, 0xff, 0x0, 0x0, 0x0, 0x0, 0xff,
    0xf1, 0x0, 0x0, 0x0, 0xc, 0xff, 0x40, 0x0,
    0x0, 0x0, 0x4f, 0xfc, 0x0, 0x0, 0x0, 0x0,
    0x4d, 0xfb, 0x30, 0x0, 0x0, 0x0, 0x1, 0x34,
    0x10,

    /* U+007C "|" */
    0x48, 0x80, 0x8f, 0xf0, 0x8f, 0xf0, 0x8f, 0xf0,
    0x8f, 0xf0, 0x8f, 0xf0, 0x8f, 0xf0, 0x8f, 0xf0,
    0x8f, 0xf0, 0x8f, 0xf0, 0x8f, 0xf0, 0x8f, 0xf0,
    0x8f, 0xf0, 0x8f, 0xf0, 0x8f, 0xf0, 0x8f, 0xf0,
    0x8f, 0xf0, 0x8f, 0xf0, 0x8f, 0xf0, 0x8f, 0xf0,
    0x8f, 0xf0, 0x8f, 0xf0, 0x8f, 0xf0, 0x8f, 0xf0,
    0x8f, 0xf0, 0x8f, 0xf0, 0x8f, 0xf0, 0x8f, 0xf0,
    0x8f, 0xf0, 0x8f, 0xf0, 0x8f, 0xf0, 0x8f, 0xf0,
    0x8f, 0xf0, 0x8f, 0xf0, 0x8f, 0xf0, 0x8f, 0xf0,
    0x8f, 0xf0, 0x8f, 0xf0, 0x8f, 0xf0, 0x8f, 0xf0,
    0x8f, 0xf0,

    /* U+007D "}" */
    0x14, 0x31, 0x0, 0x0, 0x0, 0x0, 0x3c, 0xfc,
    0x30, 0x0, 0x0, 0x0, 0xc, 0xff, 0x30, 0x0,
    0x0, 0x0, 0x5f, 0xfb, 0x0, 0x0, 0x0, 0x2,
    0xff, 0xf0, 0x0, 0x0, 0x0, 0xf, 0xff, 0x10,
    0x0, 0x0, 0x0, 0xff, 0xf2, 0x0, 0x0, 0x0,
    0xf, 0xff, 0x20, 0x0, 0x0, 0x0, 0xff, 0xf2,
    0x0, 0x0, 0x0, 0xf, 0xff, 0x20, 0x0, 0x0,
    0x0, 0xff, 0xf2, 0x0, 0x0, 0x0, 0xf, 0xff,
    0x20, 0x0, 0x0, 0x0, 0xff, 0xf2, 0x0, 0x0,
    0x0, 0xf, 0xff, 0x20, 0x0, 0x0, 0x0, 0xdf,
    0xf3, 0x0, 0x0, 0x0, 0x8, 0xff, 0x60, 0x0,
    0x0, 0x0, 0xc, 0xfe, 0x20, 0x0, 0x0, 0x0,
    0x6, 0xcf, 0x92, 0x0, 0x0, 0x2, 0xae, 0xc3,
    0x0, 0x0, 0x2, 0xff, 0xc0, 0x0, 0x0, 0x0,
    0xaf, 0xf4, 0x0, 0x0, 0x0, 0xe, 0xff, 0x20,
    0x0, 0x0, 0x0, 0xff, 0xf2, 0x0, 0x0, 0x0,
    0xf, 0xff, 0x20, 0x0, 0x0, 0x0, 0xff, 0xf2,
    0x0, 0x0, 0x0, 0xf, 0xff, 0x20, 0x0, 0x0,
    0x0, 0xff, 0xf2, 0x0, 0x0, 0x0, 0xf, 0xff,
    0x20, 0x0, 0x0, 0x0, 0xff, 0xf2, 0x0, 0x0,
    0x0, 0xf, 0xff, 0x20, 0x0, 0x0, 0x1, 0xff,
    0xf1, 0x0, 0x0, 0x0, 0x2f, 0xff, 0x0, 0x0,
    0x0, 0x6, 0xff, 0xa0, 0x0, 0x0, 0x1, 0xef,
    0xd1, 0x0, 0x0, 0x16, 0xdc, 0x70, 0x0, 0x0,
    0x0,

    /* U+007E "~" */
    0x0, 0x0, 0x0, 0x0, 0x0, 0x0, 0x0, 0x2,
    0x0, 0x2, 0xbf, 0xe9, 0x10, 0x0, 0x0, 0x4,
    0xd0, 0x2, 0xef, 0xff, 0xff, 0x81, 0x0, 0x0,
    0xdf, 0x60, 0xbf, 0xff, 0xff, 0xff, 0xe7, 0x22,
    0xcf, 0xf1, 0x5f, 0xf8, 0x13, 0xaf, 0xff, 0xff,
    0xff, 0xf7, 0xc, 0xf9, 0x0, 0x0, 0x2b, 0xff,
    0xff, 0xfa, 0x0, 0x8f, 0x10, 0x0, 0x0, 0x3,
    0xae, 0xe8, 0x0, 0x0, 0x60, 0x0, 0x0, 0x0,
    0x0, 0x0, 0x0, 0x0
};


/*---------------------
 *  GLYPH DESCRIPTION
 *--------------------*/

static const lv_font_fmt_txt_glyph_dsc_t glyph_dsc[] = {
    {.bitmap_index = 0, .adv_w = 0, .box_w = 0, .box_h = 0, .ofs_x = 0, .ofs_y = 0} /* id = 0 reserved */,
    {.bitmap_index = 0, .adv_w = 175, .box_w = 0, .box_h = 0, .ofs_x = 0, .ofs_y = 0},
    {.bitmap_index = 0, .adv_w = 113, .box_w = 5, .box_h = 31, .ofs_x = 1, .ofs_y = 0},
    {.bitmap_index = 78, .adv_w = 252, .box_w = 14, .box_h = 10, .ofs_x = 1, .ofs_y = 24},
    {.bitmap_index = 148, .adv_w = 414, .box_w = 26, .box_h = 22, .ofs_x = 0, .ofs_y = 3},
    {.bitmap_index = 434, .adv_w = 270, .box_w = 17, .box_h = 41, .ofs_x = 0, .ofs_y = -4},
    {.bitmap_index = 783, .adv_w = 518, .box_w = 32, .box_h = 31, .ofs_x = 0, .ofs_y = 0},
    {.bitmap_index = 1279, .adv_w = 374, .box_w = 23, .box_h = 27, .ofs_x = 0, .ofs_y = 0},
    {.bitmap_index = 1590, .adv_w = 84, .box_w = 3, .box_h = 10, .ofs_x = 1, .ofs_y = 21},
    {.bitmap_index = 1605, .adv_w = 156, .box_w = 10, .box_h = 39, .ofs_x = 0, .ofs_y = -8},
    {.bitmap_index = 1800, .adv_w = 156, .box_w = 10, .box_h = 39, .ofs_x = 0, .ofs_y = -8},
    {.bitmap_index = 1995, .adv_w = 227, .box_w = 14, .box_h = 13, .ofs_x = 0, .ofs_y = 17},
    {.bitmap_index = 2086, .adv_w = 276, .box_w = 18, .box_h = 21, .ofs_x = 0, .ofs_y = 0},
    {.bitmap_index = 2275, .adv_w = 96, .box_w = 5, .box_h = 11, .ofs_x = 1, .ofs_y = -6},
    {.bitmap_index = 2303, .adv_w = 204, .box_w = 11, .box_h = 4, .ofs_x = 1, .ofs_y = 11},
    {.bitmap_index = 2325, .adv_w = 119, .box_w = 5, .box_h = 5, .ofs_x = 1, .ofs_y = 0},
    {.bitmap_index = 2338, .adv_w = 198, .box_w = 13, .box_h = 32, .ofs_x = 0, .ofs_y = -1},
    {.bitmap_index = 2546, .adv_w = 691, .box_w = 41, .box_h = 48, .ofs_x = 0, .ofs_y = -9},
    {.bitmap_index = 3530, .adv_w = 691, .box_w = 41, .box_h = 48, .ofs_x = 0, .ofs_y = -9},
    {.bitmap_index = 4514, .adv_w = 691, .box_w = 41, .box_h = 48, .ofs_x = 0, .ofs_y = -9},
    {.bitmap_index = 5498, .adv_w = 691, .box_w = 41, .box_h = 48, .ofs_x = 0, .ofs_y = -9},
    {.bitmap_index = 6482, .adv_w = 691, .box_w = 41, .box_h = 48, .ofs_x = 0, .ofs_y = -9},
    {.bitmap_index = 7466, .adv_w = 691, .box_w = 41, .box_h = 48, .ofs_x = 0, .ofs_y = -9},
    {.bitmap_index = 8450, .adv_w = 691, .box_w = 41, .box_h = 48, .ofs_x = 0, .ofs_y = -9},
    {.bitmap_index = 9434, .adv_w = 691, .box_w = 41, .box_h = 48, .ofs_x = 0, .ofs_y = -9},
    {.bitmap_index = 10418, .adv_w = 691, .box_w = 41, .box_h = 48, .ofs_x = 0, .ofs_y = -9},
    {.bitmap_index = 11402, .adv_w = 691, .box_w = 41, .box_h = 48, .ofs_x = 0, .ofs_y = -9},
    {.bitmap_index = 12386, .adv_w = 86, .box_w = 5, .box_h = 23, .ofs_x = 1, .ofs_y = 0},
    {.bitmap_index = 12444, .adv_w = 90, .box_w = 4, .box_h = 29, .ofs_x = 1, .ofs_y = -6},
    {.bitmap_index = 12502, .adv_w = 276, .box_w = 17, .box_h = 31, .ofs_x = 0, .ofs_y = 0},
    {.bitmap_index = 12766, .adv_w = 296, .box_w = 17, .box_h = 11, .ofs_x = 1, .ofs_y = 5},
    {.bitmap_index = 12860, .adv_w = 257, .box_w = 16, .box_h = 31, .ofs_x = 0, .ofs_y = 0},
    {.bitmap_index = 13108, .adv_w = 275, .box_w = 17, .box_h = 31, .ofs_x = 0, .ofs_y = 0},
    {.bitmap_index = 13372, .adv_w = 179, .box_w = 11, .box_h = 31, .ofs_x = 0, .ofs_y = 0},
    {.bitmap_index = 13543, .adv_w = 324, .box_w = 20, .box_h = 31, .ofs_x = 0, .ofs_y = 0},
    {.bitmap_index = 13853, .adv_w = 337, .box_w = 20, .box_h = 31, .ofs_x = 1, .ofs_y = 0},
    {.bitmap_index = 14163, .adv_w = 333, .box_w = 20, .box_h = 31, .ofs_x = 0, .ofs_y = 0},
    {.bitmap_index = 14473, .adv_w = 327, .box_w = 19, .box_h = 31, .ofs_x = 1, .ofs_y = 0},
    {.bitmap_index = 14768, .adv_w = 314, .box_w = 19, .box_h = 31, .ofs_x = 1, .ofs_y = 0},
    {.bitmap_index = 15063, .adv_w = 301, .box_w = 18, .box_h = 31, .ofs_x = 1, .ofs_y = 0},
    {.bitmap_index = 15342, .adv_w = 341, .box_w = 20, .box_h = 31, .ofs_x = 0, .ofs_y = 0},
    {.bitmap_index = 15652, .adv_w = 312, .box_w = 17, .box_h = 31, .ofs_x = 1, .ofs_y = 0},
    {.bitmap_index = 15916, .adv_w = 109, .box_w = 5, .box_h = 31, .ofs_x = 1, .ofs_y = 0},
    {.bitmap_index = 15994, .adv_w = 268, .box_w = 16, .box_h = 32, .ofs_x = 0, .ofs_y = -1},
    {.bitmap_index = 16250, .adv_w = 352, .box_w = 21, .box_h = 31, .ofs_x = 1, .ofs_y = 0},
    {.bitmap_index = 16576, .adv_w = 246, .box_w = 15, .box_h = 31, .ofs_x = 1, .ofs_y = 0},
    {.bitmap_index = 16809, .adv_w = 377, .box_w = 22, .box_h = 31, .ofs_x = 1, .ofs_y = 0},
    {.bitmap_index = 17150, .adv_w = 317, .box_w = 18, .box_h = 31, .ofs_x = 1, .ofs_y = 0},
    {.bitmap_index = 17429, .adv_w = 322, .box_w = 20, .box_h = 31, .ofs_x = 0, .ofs_y = 0},
    {.bitmap_index = 17739, .adv_w = 284, .box_w = 17, .box_h = 31, .ofs_x = 1, .ofs_y = 0},
    {.bitmap_index = 18003, .adv_w = 385, .box_w = 23, .box_h = 37, .ofs_x = 0, .ofs_y = -6},
    {.bitmap_index = 18429, .adv_w = 346, .box_w = 20, .box_h = 31, .ofs_x = 1, .ofs_y = 0},
    {.bitmap_index = 18739, .adv_w = 280, .box_w = 17, .box_h = 31, .ofs_x = 0, .ofs_y = 0},
    {.bitmap_index = 19003, .adv_w = 318, .box_w = 20, .box_h = 31, .ofs_x = 0, .ofs_y = 0},
    {.bitmap_index = 19313, .adv_w = 326, .box_w = 18, .box_h = 32, .ofs_x = 1, .ofs_y = -1},
    {.bitmap_index = 19601, .adv_w = 333, .box_w = 21, .box_h = 31, .ofs_x = 0, .ofs_y = 0},
    {.bitmap_index = 19927, .adv_w = 484, .box_w = 30, .box_h = 31, .ofs_x = 0, .ofs_y = 0},
    {.bitmap_index = 20392, .adv_w = 364, .box_w = 22, .box_h = 31, .ofs_x = 0, .ofs_y = 0},
    {.bitmap_index = 20733, .adv_w = 308, .box_w = 19, .box_h = 31, .ofs_x = 0, .ofs_y = 0},
    {.bitmap_index = 21028, .adv_w = 338, .box_w = 21, .box_h = 33, .ofs_x = 0, .ofs_y = -1},
    {.bitmap_index = 21375, .adv_w = 141, .box_w = 8, .box_h = 39, .ofs_x = 1, .ofs_y = -8},
    {.bitmap_index = 21531, .adv_w = 199, .box_w = 13, .box_h = 31, .ofs_x = 0, .ofs_y = 0},
    {.bitmap_index = 21733, .adv_w = 142, .box_w = 8, .box_h = 39, .ofs_x = 0, .ofs_y = -8},
    {.bitmap_index = 21889, .adv_w = 250, .box_w = 16, .box_h = 17, .ofs_x = 0, .ofs_y = 14},
    {.bitmap_index = 22025, .adv_w = 368, .box_w = 21, .box_h = 3, .ofs_x = 1, .ofs_y = -5},
    {.bitmap_index = 22057, .adv_w = 141, .box_w = 9, .box_h = 6, .ofs_x = 0, .ofs_y = 25},
    {.bitmap_index = 22084, .adv_w = 276, .box_w = 17, .box_h = 25, .ofs_x = 0, .ofs_y = 0},
    {.bitmap_index = 22297, .adv_w = 286, .box_w = 17, .box_h = 25, .ofs_x = 1, .ofs_y = 0},
    {.bitmap_index = 22510, .adv_w = 284, .box_w = 17, .box_h = 25, .ofs_x = 0, .ofs_y = 0},
    {.bitmap_index = 22723, .adv_w = 278, .box_w = 16, .box_h = 25, .ofs_x = 1, .ofs_y = 0},
    {.bitmap_index = 22923, .adv_w = 271, .box_w = 16, .box_h = 25, .ofs_x = 1, .ofs_y = 0},
    {.bitmap_index = 23123, .adv_w = 257, .box_w = 15, .box_h = 25, .ofs_x = 1, .ofs_y = 0},
    {.bitmap_index = 23311, .adv_w = 290, .box_w = 17, .box_h = 26, .ofs_x = 0, .ofs_y = -1},
    {.bitmap_index = 23532, .adv_w = 269, .box_w = 15, .box_h = 25, .ofs_x = 1, .ofs_y = 0},
    {.bitmap_index = 23720, .adv_w = 107, .box_w = 5, .box_h = 25, .ofs_x = 1, .ofs_y = 0},
    {.bitmap_index = 23783, .adv_w = 230, .box_w = 13, .box_h = 26, .ofs_x = 0, .ofs_y = -1},
    {.bitmap_index = 23952, .adv_w = 302, .box_w = 18, .box_h = 25, .ofs_x = 1, .ofs_y = 0},
    {.bitmap_index = 24177, .adv_w = 214, .box_w = 13, .box_h = 25, .ofs_x = 1, .ofs_y = 0},
    {.bitmap_index = 24340, .adv_w = 321, .box_w = 18, .box_h = 25, .ofs_x = 1, .ofs_y = 0},
    {.bitmap_index = 24565, .adv_w = 273, .box_w = 15, .box_h = 25, .ofs_x = 1, .ofs_y = 0},
    {.bitmap_index = 24753, .adv_w = 273, .box_w = 17, .box_h = 25, .ofs_x = 0, .ofs_y = 0},
    {.bitmap_index = 24966, .adv_w = 243, .box_w = 14, .box_h = 25, .ofs_x = 1, .ofs_y = 0},
    {.bitmap_index = 25141, .adv_w = 324, .box_w = 20, .box_h = 30, .ofs_x = 0, .ofs_y = -5},
    {.bitmap_index = 25441, .adv_w = 298, .box_w = 17, .box_h = 25, .ofs_x = 1, .ofs_y = 0},
    {.bitmap_index = 25654, .adv_w = 241, .box_w = 15, .box_h = 25, .ofs_x = 0, .ofs_y = 0},
    {.bitmap_index = 25842, .adv_w = 271, .box_w = 17, .box_h = 25, .ofs_x = -2, .ofs_y = 0},
    {.bitmap_index = 26055, .adv_w = 279, .box_w = 16, .box_h = 26, .ofs_x = 1, .ofs_y = -1},
    {.bitmap_index = 26263, .adv_w = 283, .box_w = 18, .box_h = 25, .ofs_x = 0, .ofs_y = 0},
    {.bitmap_index = 26488, .adv_w = 410, .box_w = 25, .box_h = 25, .ofs_x = 0, .ofs_y = 0},
    {.bitmap_index = 26801, .adv_w = 312, .box_w = 19, .box_h = 25, .ofs_x = 0, .ofs_y = 0},
    {.bitmap_index = 27039, .adv_w = 268, .box_w = 17, .box_h = 25, .ofs_x = 0, .ofs_y = 0},
    {.bitmap_index = 27252, .adv_w = 290, .box_w = 17, .box_h = 25, .ofs_x = 1, .ofs_y = 0},
    {.bitmap_index = 27465, .adv_w = 175, .box_w = 11, .box_h = 35, .ofs_x = 0, .ofs_y = -5},
    {.bitmap_index = 27658, .adv_w = 91, .box_w = 4, .box_h = 41, .ofs_x = 1, .ofs_y = -10},
    {.bitmap_index = 27740, .adv_w = 175, .box_w = 11, .box_h = 35, .ofs_x = 0, .ofs_y = -4},
    {.bitmap_index = 27933, .adv_w = 294, .box_w = 17, .box_h = 8, .ofs_x = 1, .ofs_y = 7}
};

/*---------------------
 *  CHARACTER MAPPING
 *--------------------*/



/*Collect the unicode lists and glyph_id offsets*/
static const lv_font_fmt_txt_cmap_t cmaps[] =
{
    {
        .range_start = 32, .range_length = 95, .glyph_id_start = 1,
        .unicode_list = NULL, .glyph_id_ofs_list = NULL, .list_length = 0, .type = LV_FONT_FMT_TXT_CMAP_FORMAT0_TINY
    }
};

/*-----------------
 *    KERNING
 *----------------*/


/*Pair left and right glyphs for kerning*/
static const uint8_t kern_pair_glyph_ids[] =
{
    3, 34,
    8, 3,
    8, 8,
    8, 9,
    8, 10,
    8, 13,
    8, 14,
    8, 15,
    8, 16,
    8, 17,
    8, 18,
    8, 19,
    8, 20,
    8, 21,
    8, 22,
    8, 23,
    8, 24,
    8, 25,
    8, 26,
    8, 27,
    8, 28,
    8, 32,
    8, 33,
    8, 61,
    8, 62,
    8, 69,
    8, 77,
    8, 83,
    8, 84,
    9, 8,
    9, 9,
    9, 10,
    9, 13,
    9, 14,
    9, 15,
    9, 16,
    9, 17,
    9, 18,
    9, 19,
    9, 20,
    9, 21,
    9, 22,
    9, 23,
    9, 24,
    9, 25,
    9, 26,
    9, 27,
    9, 28,
    9, 32,
    9, 33,
    9, 62,
    10, 8,
    10, 9,
    10, 10,
    10, 13,
    10, 14,
    10, 15,
    10, 16,
    10, 17,
    10, 18,
    10, 19,
    10, 20,
    10, 21,
    10, 22,
    10, 23,
    10, 24,
    10, 25,
    10, 26,
    10, 27,
    10, 28,
    10, 32,
    10, 33,
    10, 61,
    10, 62,
    13, 8,
    13, 9,
    13, 10,
    13, 13,
    13, 14,
    13, 15,
    13, 16,
    13, 17,
    13, 18,
    13, 19,
    13, 20,
    13, 21,
    13, 22,
    13, 23,
    13, 24,
    13, 25,
    13, 26,
    13, 27,
    13, 28,
    13, 32,
    13, 33,
    13, 61,
    13, 62,
    14, 8,
    14, 9,
    14, 10,
    14, 13,
    14, 14,
    14, 15,
    14, 16,
    14, 18,
    14, 19,
    14, 20,
    14, 21,
    14, 22,
    14, 23,
    14, 24,
    14, 26,
    14, 27,
    14, 28,
    14, 32,
    14, 33,
    14, 61,
    14, 62,
    15, 8,
    15, 9,
    15, 10,
    15, 13,
    15, 14,
    15, 15,
    15, 17,
    15, 18,
    15, 19,
    15, 20,
    15, 21,
    15, 22,
    15, 23,
    15, 24,
    15, 25,
    15, 26,
    15, 27,
    15, 28,
    15, 32,
    15, 33,
    15, 61,
    15, 62,
    16, 8,
    16, 9,
    16, 10,
    16, 13,
    16, 14,
    16, 15,
    16, 16,
    16, 18,
    16, 19,
    16, 20,
    16, 21,
    16, 22,
    16, 23,
    16, 24,
    16, 25,
    16, 26,
    16, 27,
    16, 28,
    16, 32,
    16, 33,
    16, 61,
    16, 62,
    17, 8,
    17, 9,
    17, 10,
    17, 13,
    17, 15,
    17, 16,
    17, 27,
    17, 28,
    17, 32,
    17, 33,
    17, 62,
    27, 8,
    27, 9,
    27, 10,
    27, 13,
    27, 14,
    27, 15,
    27, 16,
    27, 17,
    27, 18,
    27, 19,
    27, 20,
    27, 21,
    27, 22,
    27, 23,
    27, 24,
    27, 25,
    27, 26,
    27, 27,
    27, 28,
    27, 32,
    27, 33,
    27, 61,
    27, 62,
    28, 8,
    28, 9,
    28, 10,
    28, 13,
    28, 14,
    28, 15,
    28, 16,
    28, 17,
    28, 18,
    28, 19,
    28, 20,
    28, 21,
    28, 22,
    28, 23,
    28, 24,
    28, 25,
    28, 26,
    28, 27,
    28, 28,
    28, 32,
    28, 33,
    28, 61,
    28, 62,
    32, 8,
    32, 9,
    32, 10,
    32, 13,
    32, 14,
    32, 15,
    32, 16,
    32, 18,
    32, 19,
    32, 20,
    32, 21,
    32, 22,
    32, 23,
    32, 24,
    32, 25,
    32, 26,
    32, 27,
    32, 28,
    32, 32,
    32, 33,
    32, 61,
    32, 62,
    33, 8,
    33, 9,
    33, 10,
    33, 13,
    33, 14,
    33, 15,
    33, 16,
    33, 17,
    33, 18,
    33, 19,
    33, 20,
    33, 21,
    33, 22,
    33, 23,
    33, 24,
    33, 25,
    33, 26,
    33, 27,
    33, 28,
    33, 32,
    33, 33,
    33, 34,
    33, 61,
    33, 62,
    34, 3,
    34, 8,
    34, 36,
    34, 40,
    34, 48,
    34, 50,
    34, 53,
    34, 54,
    34, 55,
    34, 56,
    34, 58,
    34, 68,
    34, 80,
    34, 82,
    34, 85,
    34, 86,
    34, 87,
    34, 88,
    34, 90,
    35, 13,
    35, 15,
    35, 34,
    36, 13,
    36, 15,
    37, 13,
    37, 15,
    37, 34,
    37, 55,
    37, 56,
    37, 58,
    39, 13,
    39, 15,
    39, 34,
    39, 66,
    40, 13,
    40, 15,
    43, 13,
    43, 15,
    43, 34,
    43, 66,
    43, 70,
    43, 86,
    44, 36,
    44, 48,
    44, 80,
    44, 86,
    44, 90,
    45, 3,
    45, 8,
    45, 53,
    45, 55,
    45, 56,
    45, 58,
    45, 90,
    47, 13,
    47, 15,
    48, 13,
    48, 15,
    48, 34,
    48, 55,
    48, 56,
    48, 57,
    48, 58,
    49, 13,
    49, 15,
    49, 34,
    49, 66,
    50, 13,
    50, 15,
    50, 54,
    51, 48,
    51, 53,
    51, 54,
    51, 55,
    51, 56,
    51, 90,
    52, 13,
    52, 15,
    53, 13,
    53, 14,
    53, 15,
    53, 27,
    53, 28,
    53, 34,
    53, 66,
    53, 70,
    53, 73,
    53, 74,
    53, 80,
    53, 83,
    53, 86,
    53, 88,
    53, 90,
    54, 13,
    54, 15,
    54, 34,
    55, 13,
    55, 14,
    55, 15,
    55, 27,
    55, 28,
    55, 34,
    55, 40,
    55, 48,
    55, 66,
    55, 70,
    55, 74,
    55, 80,
    55, 86,
    56, 13,
    56, 14,
    56, 15,
    56, 27,
    56, 28,
    56, 34,
    56, 48,
    56, 66,
    56, 70,
    56, 73,
    56, 74,
    56, 80,
    56, 86,
    56, 90,
    58, 13,
    58, 14,
    58, 15,
    58, 27,
    58, 28,
    58, 34,
    58, 48,
    58, 52,
    58, 66,
    58, 70,
    58, 74,
    58, 80,
    58, 86,
    61, 8,
    61, 9,
    61, 10,
    61, 14,
    61, 16,
    61, 17,
    61, 18,
    61, 19,
    61, 21,
    61, 22,
    61, 23,
    61, 24,
    61, 26,
    61, 27,
    61, 28,
    61, 32,
    61, 33,
    61, 61,
    61, 62,
    62, 8,
    62, 9,
    62, 10,
    62, 13,
    62, 14,
    62, 15,
    62, 16,
    62, 17,
    62, 18,
    62, 19,
    62, 20,
    62, 21,
    62, 22,
    62, 23,
    62, 24,
    62, 25,
    62, 26,
    62, 27,
    62, 28,
    62, 32,
    62, 33,
    62, 61,
    62, 62,
    66, 72,
    66, 85,
    66, 87,
    66, 88,
    66, 90,
    67, 13,
    67, 15,
    67, 87,
    67, 90,
    68, 13,
    68, 15,
    68, 73,
    68, 76,
    68, 77,
    68, 90,
    69, 87,
    69, 88,
    69, 90,
    70, 13,
    70, 15,
    70, 87,
    70, 88,
    70, 89,
    70, 90,
    71, 3,
    71, 8,
    71, 13,
    71, 15,
    71, 18,
    71, 66,
    72, 13,
    72, 15,
    72, 70,
    72, 74,
    72, 83,
    72, 90,
    76, 80,
    76, 90,
    77, 88,
    77, 90,
    78, 86,
    79, 86,
    80, 13,
    80, 15,
    80, 87,
    80, 88,
    80, 89,
    80, 90,
    81, 13,
    81, 15,
    83, 14,
    83, 68,
    83, 72,
    83, 80,
    83, 82,
    83, 85,
    83, 86,
    83, 87,
    83, 90,
    84, 13,
    84, 15,
    84, 72,
    84, 88,
    85, 83,
    87, 13,
    87, 15,
    87, 66,
    87, 80,
    88, 13,
    88, 15,
    88, 66,
    88, 80,
    90, 13,
    90, 15,
    90, 66,
    90, 80,
    91, 80
};

/* Kerning between the respective left and right glyphs
 * 4.4 format which needs to scaled with `kern_scale`*/
static const int8_t kern_pair_values[] =
{
    -35, -8, -8, -51, -31, -70, -59, -67,
    -51, -9, -51, -30, -28, -61, -38, -64,
    -44, -52, -30, -39, -39, -34, -93, -9,
    -37, -8, -8, -8, -14, -33, -60, -23,
    -36, -50, -48, -27, -25, -55, -38, -25,
    -51, -45, -52, -35, -41, -41, -53, -39,
    -48, -99, -26, -52, -37, -60, -40, -21,
    -34, -25, -12, -70, -39, -32, -30, -45,
    -28, -50, -18, -42, -40, -40, -46, -83,
    -36, -57, -69, -40, -46, -34, -65, -30,
    -7, -47, -86, -26, -17, -74, -32, -33,
    -41, -21, -69, -33, -34, -72, -119, -51,
    -52, -59, -22, -49, -65, -12, -68, -23,
    -69, -62, -99, -19, -112, -13, -41, -103,
    -65, -65, -61, -71, -28, -45, -67, -34,
    -48, -30, -67, -27, -35, -87, -23, -15,
    -75, -30, -27, -38, -15, -70, -31, -31,
    -76, -103, -52, -53, -13, -39, -7, -67,
    -32, -62, -49, -34, -16, -8, -36, -27,
    -38, -17, -27, -20, -31, -31, -27, -82,
    13, -11, -9, -12, -25, -39, -39, -17,
    -11, -11, -11, -56, -29, -39, -40, -53,
    -33, -65, -31, -16, -11, -89, -31, -31,
    -45, -44, -33, -46, -23, -36, -39, -39,
    -41, -87, -27, -72, -39, -40, -50, -34,
    -65, -31, -14, -11, -89, -31, -31, -45,
    -43, -33, -46, -23, -36, -39, -39, -41,
    -87, -27, -54, -28, -37, -37, -73, -41,
    -72, -47, -44, -21, -28, -40, -34, -36,
    -35, -36, -25, -32, -32, -30, 40, -12,
    -36, -54, -42, -58, -64, -29, -61, -42,
    -17, -71, -44, -47, -42, -52, -35, -60,
    -26, -48, -47, -47, -51, -89, 28, -38,
    -59, -35, -30, -19, -19, -23, -14, -31,
    -10, -36, -39, -36, -14, -17, -11, -24,
    -8, -28, -31, -28, -10, -7, -6, -4,
    -4, -41, -35, -17, -12, -14, -14, -70,
    -69, -21, -20, -5, -5, -10, -8, -8,
    -10, -6, -5, -17, -19, -16, -13, -22,
    -46, -42, -29, -27, -31, -28, -20, -7,
    -7, -43, -43, -23, -5, -8, -13, -9,
    -64, -62, -25, -25, -3, -3, -4, -13,
    -13, -13, -19, -21, -11, -10, -7, -39,
    -27, -37, -19, -15, -31, -37, -16, -16,
    -16, -16, -16, -15, -11, -9, -11, -9,
    -9, -39, -25, -37, -14, -10, -37, -9,
    -5, -37, -10, -10, -13, -10, -42, -27,
    -40, -16, -13, -38, -7, -40, -12, -12,
    -12, -16, -11, -5, -40, -27, -39, -18,
    -14, -37, -10, -14, -39, -15, -15, -16,
    -14, -58, -21, -24, -19, 13, -10, -55,
    -6, -14, -14, -16, -19, -39, -12, -11,
    -47, -81, -40, -30, -45, -41, -33, -40,
    -29, -36, -18, -13, -54, -33, -32, -33,
    -45, -33, -43, -22, -37, -42, -42, -42,
    -87, -14, -37, -15, -24, -29, -31, -29,
    -5, -3, -18, -19, -4, -4, -4, -4,
    -4, -5, -9, -13, -11, -13, -13, -4,
    -8, -9, -7, -12, -12, -54, -52, -5,
    -13, -5, -5, -5, -5, -5, -10, -13,
    -10, -26, -22, -6, -6, -36, -36, -5,
    -8, -10, -7, -49, -47, -14, -10, -11,
    -11, -10, -11, -11, -17, -16, -7, -4,
    -7, -15, -14, -30, -29, -29, -4, -34,
    -32, -30, -5, -32, -31, -28, -8, -11
};

/*Collect the kern pair's data in one place*/
static const lv_font_fmt_txt_kern_pair_t kern_pairs =
{
    .glyph_ids = kern_pair_glyph_ids,
    .values = kern_pair_values,
    .pair_cnt = 520,
    .glyph_ids_size = 0
};

/*--------------------
 *  ALL CUSTOM DATA
 *--------------------*/

#if LVGL_VERSION_MAJOR == 8
/*Store all the custom data of the font*/
static  lv_font_fmt_txt_glyph_cache_t cache;
#endif

#if LVGL_VERSION_MAJOR >= 8
static const lv_font_fmt_txt_dsc_t font_dsc = {
#else
static lv_font_fmt_txt_dsc_t font_dsc = {
#endif
    .glyph_bitmap = glyph_bitmap,
    .glyph_dsc = glyph_dsc,
    .cmaps = cmaps,
    .kern_dsc = &kern_pairs,
    .kern_scale = 34,
    .cmap_num = 1,
    .bpp = 4,
    .kern_classes = 0,
    .bitmap_format = 0,
#if LVGL_VERSION_MAJOR == 8
    .cache = &cache
#endif
};



/*-----------------
 *  PUBLIC FONT
 *----------------*/

/*Initialize a public general font descriptor*/
#if LVGL_VERSION_MAJOR >= 8
const lv_font_t glasgow_40 = {
#else
lv_font_t glasgow_40 = {
#endif
    .get_glyph_dsc = lv_font_get_glyph_dsc_fmt_txt,    /*Function pointer to get glyph's data*/
    .get_glyph_bitmap = lv_font_get_bitmap_fmt_txt,    /*Function pointer to get glyph's bitmap*/
    .line_height = 49,          /*The maximum line height required by the font*/
    .base_line = 10,             /*Baseline measured from the bottom of the line*/
#if !(LVGL_VERSION_MAJOR == 6 && LVGL_VERSION_MINOR == 0)
    .subpx = LV_FONT_SUBPX_NONE,
#endif
#if LV_VERSION_CHECK(7, 4, 0) || LVGL_VERSION_MAJOR >= 8
    .underline_position = -3,
    .underline_thickness = 2,
#endif
    .dsc = &font_dsc,          /*The custom font data. Will be accessed by `get_glyph_bitmap/dsc` */
#if LV_VERSION_CHECK(8, 2, 0) || LVGL_VERSION_MAJOR >= 9
    .fallback = NULL,
#endif
    .user_data = NULL,
};



#endif /*#if GLASGOW_40*/

